nome_file;caratteristiche;;;;;;;;;;;;;;;;;;;;;;;;;;;;;;;;;;;;;;;;;;;;;;;;;;;;;;;;;;;;;;;;;;;;;;;;;;;;;;;;;;;;;;;;;;;;;;;;;;;;;;;;;;;;;;;;;;;;;;;;;;;;;;;;;;;;;;;;;;;;;;;;;;;;;;
;;;;;;;;;;;;;;;;;;;;;;;;;;;;;;;;;;;;;;;;;;;;;;;;;;;;;;;;;;;;;;;;;;;;;;;;;;;;;;;;;;;;;;;;;;;;;;;;;;;;;;;;;;;;;;;;;;;;;;;;;;;;;;;;;;;;;;;;;;;;;;;;;;;;;;;
motociclista_2.wav;discretizzatore;1,80E+11;-7,27E+11;1,88E+11;272680;-7,79E+11;1,36E+11;744421;643076;-3,77E+11;-4,41E+10;-578303;-5,66E+11;661294;-6,80E+11;-2,85E+11;-4,44E+11;1,02E+11;-6,93E+11;-6,50E+10;-7,88E+11;-4,26E+10;4,56E+11;-6,01E+11;3,38E+11;-3,52E+11;-7,38E+11;-1,46E+11;-6,41E+11;-584284;-9,44E+11;537132;5,10E+11;-2,60E+11;1,99E+12;2,54E+12;783379;2,29E+11;-3,93E+11;-3,04E+09;2,71E+10;-1,43E+11;3,29E+11;5,17E+11;-4,05E+11;1,02E+11;569419;-478688;-281472;-69650;979443;-5,55E+11;-57238;-736386;-74448;-260478;1,14E+11;-4,33E+11;-385656;-609853;-5,36E+11;-550283;-1,56E+11;-196372;-2,22E+11;-885536;-2,38E+11;-1,57E+11;-2,07E+09;-5,79E+11;3,30E+11;43571;-59239;;;;;;;;;;;;;;;;;;;;;;;;;;;;;;;;;;;;;;;;;;;;;;;;;;;;;;;;;;;;;;;;;;;;;;;;;;;;;;
motociclista_2.wav;media;818.161;-329.896;852.423;123.664;-353.332;61.649;337.606;291.644;-171.188;-200.041;-262.269;-256.722;299.907;-308.329;-129.368;-201.464;463.818;-314.173;-294.907;-357.384;-193.179;206.695;-272.349;153.444;-159.513;-334.498;-661.538;-290.643;-264.981;-428.053;243.597;231.225;-117.728;904.193;1151.91;355.274;104.029;-178.339;-137.778;122.694;-647.168;149.111;234.516;-183.455;461.704;25.824;-217.092;-127.652;-315.873;444.192;-251.534;-259.583;-333.962;-337.633;-118.131;516.991;-196.401;-174.901;-276.577;-242.876;-249.561;-708.459;-890.576;-100.751;-401.604;-107.869;-712.656;-936.507;-262.484;149.452;197.601;-268.658;;;;;;;;;;;;;;;;;;;;;;;;;;;;;;;;;;;;;;;;;;;;;;;;;;;;;;;;;;;;;;;;;;;;;;;;;;;;;;
motociclista_2.wav;picchi;15363;31013;27454;25890;27215;23363;17348;26611;25638;26407;21620;27420;26747;21710;27560;27825;23901;27132;24865;23091;27573;27401;25208;22283;27803;24244;26487;27275;27827;22128;25871;24304;27699;27391;29127;25277;24819;27130;27372;26718;26328;26411;28551;19580;13130;28522;1156;2871;14506;27779;29888;27052;10130;5492;12439;28408;27045;23992;27127;25974;26483;13527;2345;30562;25365;25601;21717;28728;25976;19717;3123;1908;;;;;;;;;;;;;;;;;;;;;;;;;;;;;;;;;;;;;;;;;;;;;;;;;;;;;;;;;;;;;;;;;;;;;;;;;;;;;;
motociclista_2.wav;energia;6,19E+16;1,31E+17;1,32E+17;1,78E+17;1,30E+17;1,37E+17;4,05E+16;2,02E+17;1,92E+17;1,55E+17;8,46E+16;2,06E+17;2,03E+17;9,70E+16;2,41E+17;1,75E+17;2,49E+17;1,14E+17;2,05E+17;1,68E+17;1,75E+17;8,55E+16;2,33E+17;6,31E+16;2,45E+17;1,68E+17;1,14E+17;2,18E+17;2,08E+16;1,30E+17;2,37E+17;1,35E+17;2,90E+17;1,74E+17;1,88E+17;4,01E+15;1,42E+17;1,23E+16;1,70E+17;2,80E+17;2,29E+17;2,25E+17;2,57E+17;3,08E+16;4,36E+15;1,54E+17;4,24E+14;1,50E+15;3,46E+16;5,46E+16;2,28E+17;2,04E+16;2,16E+15;3,26E+15;1,28E+16;1,23E+16;2,18E+17;2,51E+17;2,23E+17;2,20E+17;2,09E+17;7,68E+15;8,72E+14;6,69E+16;1,40E+17;2,36E+17;1,78E+17;2,78E+17;1,81E+17;8,97E+16;1,74E+15;7,57E+14;;;;;;;;;;;;;;;;;;;;;;;;;;;;;;;;;;;;;;;;;;;;;;;;;;;;;;;;;;;;;;;;;;;;;;;;;;;;;;
motociclista_2.wav;frequenzeH0;124549;233606;463175;328396;252328;6357;37691;129741;102992;21280;164788;440833;164406;113551;518209;845698;599277;182819;403093;981634;124438;150326;80812;50827;11190;379453;314130;193954;313769;352213;866310;74630;73972;823064;795556;921967;94542;89012;182963;73999;28603;710164;190453;130234;48991;706295;49220;15535;12780;325631;101227;607583;81633;28466;197207;86558;27137;62961;92143;60086;423779;290527;6799;70320;876563;694482;442573;531557;118150;502498;49014;8738;;;;;;;;;;;;;;;;;;;;;;;;;;;;;;;;;;;;;;;;;;;;;;;;;;;;;;;;;;;;;;;;;;;;;;;;;;;;;;
motociclista_2.wav;frequenzeH4;5545.94;5852.46;90033.9;9865.98;31223.1;62943;29732.7;1735.11;7272.92;14883.3;24910;1546.85;46802.3;20081.8;58580;44879.1;63863.8;42349.7;85250.6;31806;45932.1;39661.2;17438.7;83215.2;659.839;23171.8;66208.4;7216.72;59714.9;64532;87679.5;104516;16480.6;68714.9;107303;18828.2;505.872;236.536;65787.2;50797.6;2891.18;46590.7;83341.8;39372.7;578.575;67286.8;108.174;300.8;550.485;3584.15;3210.41;10811.1;36888.6;661.313;1089.15;959.32;134949;32524.4;77391.4;1463.18;27261.1;48628.2;594.486;836.879;88448.1;52886.3;76098.9;75558.5;94554.9;47791.3;7966.07;175.812;;;;;;;;;;;;;;;;;;;;;;;;;;;;;;;;;;;;;;;;;;;;;;;;;;;;;;;;;;;;;;;;;;;;;;;;;;;;;;
motociclista_2.wav;frequenzeH6;3726.15;3918.36;23990.9;6722.11;5305.88;34119.5;16725.6;2117.87;3210.41;9739.8;8349.36;467.738;52523.1;7481.82;44301;39892.2;38378;29161.7;59496.8;29256.8;6786.63;8528.86;3020.51;35568.2;451.007;6674.51;37707;2237.14;45072.2;61811.4;93626.7;24944.5;1799.07;36960.1;36292.2;2628.56;127.869;140.124;50090.4;14964.5;1878.67;28815.4;60149.2;26426.8;473.947;45212.7;928.715;181.76;198.115;1819.04;2788.55;15386;24496.5;478.094;1850.17;769.968;31886.4;27187.7;53691.4;391.739;22606.9;32534.1;411.631;155.098;54221;29219;51516.3;65537.7;71172.1;8747.71;3914.4;735.093;;;;;;;;;;;;;;;;;;;;;;;;;;;;;;;;;;;;;;;;;;;;;;;;;;;;;;;;;;;;;;;;;;;;;;;;;;;;;;
motociclista_2.wav;posFreqFond;0;0;0;0;0;63;2;0;0;63;63;0;2;63;0;0;0;1;0;0;62;0;0;63;0;0;0;0;0;0;0;63;0;0;0;0;0;0;1;1;0;0;1;63;0;0;0;0;0;0;0;0;1;0;0;0;63;1;1;0;0;0;0;0;0;0;0;0;1;0;0;0;;;;;;;;;;;;;;;;;;;;;;;;;;;;;;;;;;;;;;;;;;;;;;;;;;;;;;;;;;;;;;;;;;;;;;;;;;;;;;
motociclista_2.wav;pendenze;102714;209017;275749;198220;8828.27;125384;25876.3;110772;99950.8;28084.7;24149.3;432955;207183;79325.9;2522.91;527224;368229;170716;53085.9;674966;113609;97406.3;27438.5;304298;8720.01;248905;60603.8;173190;9460.02;48442.4;638929;367000;46760.3;535994;733313;564138;92061.4;87930.3;267593;138088;22357.3;514894;464876;86060.4;47685.3;545933;49036.2;14698.7;9026.23;310948;91859.6;347441;91102.1;25797.2;91498;80817;93756.3;118927;245960;53278;292441;55068.8;3468.68;68651.7;231609;443374;180888;63329.9;234735;279680;4154.57;8116;;;;;;;;;;;;;;;;;;;;;;;;;;;;;;;;;;;;;;;;;;;;;;;;;;;;;;;;;;;;;;;;;;;;;;;;;;;;;;
ragazzina_sclera_su_ask.wav;discretizzatore;661476;-48336;-2,74E+11;3,37E+11;1,37E+11;-4,37E+11;-5,39E+11;1,37E+11;-5,45E+11;3,76E+10;2,89E+10;702893;2,96E+11;-593322;4,22E+11;3,54E+11;5,12E+11;8,01E+11;6,14E+11;4,83E+11;-4,23E+11;1,38E+11;2,42E+11;-643298;3,49E+11;4,87E+11;-153583;839893;6,91E+11;-3,63E+10;1,46E+11;2,12E+11;1,40E+10;749033;2,96E+11;1,76E+11;-1,90E+11;-1,18E+11;-2,02E+11;1,57E+10;6,57E+11;1,02E+11;1,28E+11;3,10E+10;3,85E+11;5,35E+11;-822437;5,82E+11;-4,51E+11;1,26E+11;-4,35E+11;-2,20E+11;-3,49E+11;-246440;-1,53E+11;-1,52E+10;-731635;1,04E+10;-838768;-2,05E+11;-1,78E+11;5,42E+10;216124;1,91E+11;616088;-998061;-3,73E+11;-524662;-2,31E+11;-3,34E+11;5,40E+11;858325;-156368;5,80E+11;1,38E+11;-532890;-682686;-118054;3,27E+11;768418;757030;43467;3,89E+11;9,84E+11;-3,12E+11;-512371;-372729;371337;-7,00E+11;798335;2,59E+11;-992469;4,54E+11;-1,09E+11;5,12E+11;3,26E+11;3,06E+11;-7,90E+11;758147;4,45E+11;-9102;;;;;;;;;;;;;;;;;;;;;;;;;;;;;;;;;;;;;;;;;;;;;;;;;
ragazzina_sclera_su_ask.wav;media;299.989;-219.211;-124.35;152.652;619.754;-198.099;-244.22;619.647;-246.978;170.662;131.143;318.772;134.248;-26.908;191.278;160.557;232.051;363.149;278.571;218.953;-191.724;623.974;109.729;-291.745;158.288;220.799;-696.522;380.904;313.358;-164.576;661.553;963.425;633.513;339.698;134.304;796.693;-863.147;-535.523;-916.097;712.878;298.047;462.854;579.341;140.54;174.523;242.569;-372.987;263.84;-204.742;570.563;-197.382;-995.961;-158.23;-111.764;-694.034;-687.891;-331.807;473.739;-380.394;-930.149;-806.477;245.719;980.154;865.638;279.405;-452.635;-169.019;-237.942;-104.803;-151.332;244.852;389.263;-709.152;262.829;626.927;-241.673;-309.608;-535.392;148.451;348.489;343.324;197.129;176.514;446.201;-141.623;-232.368;-169.038;168.407;-317.477;362.057;117.353;-450.099;205.729;-494.486;232.071;147.747;138.742;-358.325;343.831;201.934;-0.412789;;;;;;;;;;;;;;;;;;;;;;;;;;;;;;;;;;;;;;;;;;;;;;;;;
ragazzina_sclera_su_ask.wav;picchi;19545;1094;24292;24306;24601;24931;24078;23735;24471;24810;23966;23299;25561;22286;25574;23804;24163;23943;25185;24548;25155;24848;24876;24689;25429;25431;24541;24251;24028;25721;24337;25193;25344;25020;24941;24923;23720;25105;24110;24089;23917;24010;24329;23815;24228;24278;23631;25650;23972;25543;24563;24800;24781;24650;24225;24687;25047;25240;23630;26348;24515;24906;24914;24559;24290;24032;24252;24011;24691;26179;24612;24842;25251;25361;25016;25274;24873;24485;26022;24303;24734;19646;25238;23769;24338;24550;23807;23662;23738;24073;24918;24450;24684;23154;25417;25640;25043;24660;25655;23869;167;;;;;;;;;;;;;;;;;;;;;;;;;;;;;;;;;;;;;;;;;;;;;;;;;
ragazzina_sclera_su_ask.wav;energia;1,07E+15;5,60E+13;1,41E+17;3,25E+17;2,95E+16;2,26E+17;2,49E+17;1,61E+17;2,14E+17;2,72E+17;2,16E+17;8,63E+16;2,16E+17;1,11E+17;2,48E+17;2,33E+17;2,26E+17;1,43E+17;2,75E+17;2,80E+17;4,14E+17;1,70E+17;1,63E+16;1,38E+17;3,35E+17;2,78E+17;1,89E+17;2,37E+17;1,87E+17;3,16E+17;1,22E+17;2,64E+17;3,57E+17;1,26E+17;2,41E+16;2,18E+17;1,22E+17;1,94E+17;2,45E+17;2,42E+17;2,18E+17;1,39E+17;2,17E+17;2,96E+17;2,14E+16;2,35E+17;8,97E+16;2,25E+17;2,78E+17;1,23E+17;2,35E+17;2,56E+17;1,94E+16;2,14E+17;2,23E+17;2,62E+17;1,47E+17;2,31E+16;2,08E+17;2,93E+17;1,30E+16;2,92E+17;2,51E+16;2,71E+17;1,25E+17;2,85E+17;2,19E+16;2,06E+16;2,87E+17;2,31E+17;1,58E+17;1,06E+17;2,20E+17;2,86E+17;2,75E+16;1,47E+17;2,45E+17;2,80E+17;2,72E+17;8,79E+16;3,03E+17;9,17E+15;3,01E+17;3,88E+17;2,28E+17;2,33E+17;1,42E+17;1,45E+17;1,93E+17;1,76E+17;2,00E+17;2,95E+16;1,90E+17;7,27E+16;3,33E+16;2,93E+16;2,91E+17;2,75E+17;2,71E+17;1,48E+17;1,50E+11;;;;;;;;;;;;;;;;;;;;;;;;;;;;;;;;;;;;;;;;;;;;;;;;;
ragazzina_sclera_su_ask.wav;frequenzeH0;0;284;1166;61822;5187;111965;49779;182876;1689;74652;378359;293774;478091;199756;119821;82341;162660;7286;90580;27421;222;353276;3120;113580;50164;156572;95913;34410;45151;121739;69723;1072;206238;47975;4278;96855;25542;165;70194;196146;48785;19802;143896;12224;68091;120764;125279;1245;71555;875;182217;13535;164915;15167;214558;238216;249498;479132;64124;69776;10340;97836;251903;113781;3338;145328;4626;43429;6652;101987;54447;64894;46478;2493;31878;11991;545540;147551;540490;90917;11127;131172;148;100032;165748;259375;115393;39877;27467;19447;122923;280488;4808;210359;274220;248709;58612;18453;101577;21236;835;;;;;;;;;;;;;;;;;;;;;;;;;;;;;;;;;;;;;;;;;;;;;;;;;
ragazzina_sclera_su_ask.wav;frequenzeH4;0.421464;174.577;952.185;155565;115755;52968.9;220443;112847;2513.22;6161.52;65652.1;47590.2;37192.8;309231;26262.1;46307.4;73064.8;7914.63;249528;132059;599.763;108423;4458.56;140415;231135;178967;47067;152740;67713.4;60728.8;40688.8;9971.49;23627.3;59758;134446;141158;52912.2;3769;240718;121356;5247.21;14875.8;151219;22325.6;66493.9;205041;137214;10730.4;57108.6;65194.4;50772.2;100034;102131;44747.2;99227.3;63759.5;27802.8;53739;11043.2;188076;89278.3;374704;129865;29080.4;269.857;51935.6;40750.1;251450;90688.7;9799.73;155735;12781.3;610054;5447.69;22558.1;111362;15997.4;84776.7;28971.7;53845.4;20152.4;42337.9;1311.68;182142;65094.7;31233.9;17173.6;46214.6;111786;671.355;20369.8;6047.85;16233.3;44569.6;257184;342463;171577;63859.6;61199.9;24976;514.347;;;;;;;;;;;;;;;;;;;;;;;;;;;;;;;;;;;;;;;;;;;;;;;;;
ragazzina_sclera_su_ask.wav;frequenzeH6;0.37716;335.864;149.515;156480;173768;11787.9;50360.5;29418.9;897.283;17426.3;31154.2;12066.2;110821;59872.6;27406.1;160120;233345;7940.95;197704;87896.9;1189.78;79992.7;4167.62;92952.4;36119.3;95943.9;97668.7;26179.1;189998;50058.8;63744.4;1780.52;190806;58674;26636.4;81628.8;120216;8748.58;120758;89989.7;1059.72;48043.5;23649.5;70811.6;39854.2;51211.7;47638.8;3912;59545.9;25799.3;7310.22;139646;83948.8;55974.2;128290;54794.7;20171;39171.9;16724.4;195759;196115;119136;277403;69475.2;677.559;192170;3525.17;258303;22530.8;6886.1;154656;6307.58;39345.1;384.71;30310.6;118882;104508;16109.1;37118;31874.2;8701.18;54795.9;1985.01;42675.3;69067.8;20338.8;47725.1;43140.2;53062.8;1372.91;41067.7;49802.4;28477.4;13965.6;227364;253397;39069.3;69248.5;119278;61226.7;309.315;;;;;;;;;;;;;;;;;;;;;;;;;;;;;;;;;;;;;;;;;;;;;;;;;
ragazzina_sclera_su_ask.wav;posFreqFond;31;9;0;2;7;0;2;2;4;0;1;0;1;1;1;2;2;9;4;2;10;1;9;4;2;3;2;2;2;1;1;1;2;1;1;3;2;1;62;1;1;1;3;8;3;2;3;4;3;4;1;1;1;5;1;1;0;0;1;3;2;4;58;2;1;63;4;3;4;0;57;1;4;61;62;3;0;2;0;1;1;1;6;1;2;1;0;1;4;1;59;1;5;0;1;4;2;2;1;62;1;;;;;;;;;;;;;;;;;;;;;;;;;;;;;;;;;;;;;;;;;;;;;;;;;
ragazzina_sclera_su_ask.wav;pendenze;119.367;312.805;312.137;189556;175589;27848.2;495020;127023;1823.69;21246.9;377617;193744;158644;326186;201752;354995;426074;41318.7;75875.9;315302;4910.13;374462;8509.15;105314;222459;268011;56045.6;226994;66201.4;529732;112389;12132.6;211816;113952;172156;203305;635628;35661;59433.9;78446.2;56665.3;53657;393003;38005.4;136921;264389;434211;7421.66;358672;43463.3;375892;293107;421970;36479.8;260033;333748;67409.6;46200.5;64582.3;515044;291688;299121;165821;169735;2233.91;144735;29210.3;105635;69382.5;14141;113930;50919.7;540936;5191.25;186414;245443;243947;468106;161001;55232.6;15139.9;126060;1634.41;338178;197243;308617;35640.7;36063.3;67561.4;30885.7;107672;243127;28904.3;107748;239881;279833;187411;546899;615933;120921;1920.4;;;;;;;;;;;;;;;;;;;;;;;;;;;;;;;;;;;;;;;;;;;;;;;;;
Ragazzo_si_incazza_e_rompe_il_computer.wav;discretizzatore;-37123;83609;-393439;-926938;408241;-1,26E+11;-1,02E+11;-1,04E+10;-417510;-624721;473773;578485;676224;-868694;-445991;-182944;-2,66E+11;-48710;146193;273299;-719908;-1,53E+11;185354;458374;-2,15E+11;-1,00E+11;-390819;-31962;-612131;251939;349474;-141267;-40181;217849;10128;41373;507809;-264726;-111011;-104662;-483429;98528;-978704;-988260;-519771;656553;-1,27E+11;-142952;746467;-837765;-345926;-794289;-112689;-222582;-219758;-498497;420345;-165540;-826453;-249573;865620;-1,06E+11;-366281;-316505;-222371;-857004;-544443;-277443;-1,07E+11;-81664;896863;117292;367321;-409380;-886531;70656;62614;119334;-804774;795115;711996;-122119;-263942;-126539;-591125;-166178;-1,51E+11;-174272;-1,64E+11;202891;-283865;-8,52E+11;-2,72E+11;144549;-1,45E+11;-291098;296287;-704124;398048;191017;-623226;-1,25E+11;1,42E+11;-806948;-457187;-851729;261383;-4358;-401367;-679787;-66987;-164725;490432;-674298;1,17E+11;356254;-7516;366771;;;;;;;;;;;;;;;;;;;;;;;;;;;;;;;;
Ragazzo_si_incazza_e_rompe_il_computer.wav;media;-168.358;379.179;-17.843;-42.038;185.143;-573.405;-461.747;-471.337;-189.347;-28.332;214.863;262.351;306.678;-393.966;-202.263;-829.678;-120.837;-220.907;663.007;123.945;-326.489;-694.642;840.608;207.879;-973.974;-455.717;-177.242;-144.952;-27.761;114.258;158.492;-640.667;-182.227;987.977;0.45932;187.633;230.299;-120.057;-503.451;-474.658;-219.242;446.839;-443.857;-44.819;-235.724;297.756;-577.625;-648.308;338.534;-379.939;-156.883;-360.222;-511.061;-100.944;-996.635;-226.076;190.633;-750.748;-374.809;-113.185;392.571;-479.431;-166.114;-14.354;-100.849;-388.664;-246.913;-125.824;-48.655;-370.358;406.741;531.937;166.585;-18.566;-402.055;320.435;283.964;541.197;-364.977;360.596;322.901;-553.828;-119.702;-573.873;-268.084;-753.642;-684.571;-790.349;-74.479;920.141;-128.737;-386.318;-123.42;655.551;-656.395;-132.017;134.371;-319.331;180.521;86.629;-282.642;-564.813;642.778;-365.963;-207.341;-386.272;118.541;-0.197642;-182.026;-308.293;-303.796;-747.052;222.418;-305.804;530.093;161.566;-0.340862;166.336;;;;;;;;;;;;;;;;;;;;;;;;;;;;;;;;
Ragazzo_si_incazza_e_rompe_il_computer.wav;picchi;23342;32185;22377;32767;32767;32767;31523;32767;32767;32767;32767;32767;32767;32767;32767;32767;32767;32767;32767;32767;32767;32767;32767;32766;32767;32767;32767;32767;32767;32767;32767;32767;32767;32767;32767;32767;32767;15992;1219;32611;32767;32767;32767;32767;10583;32767;32767;32767;32172;32767;32767;32767;21292;1155;870;12358;32311;32767;32767;31960;32627;31999;32767;32767;27319;32767;32767;32767;32080;32767;32767;32767;32767;32767;32767;32767;32767;32767;32767;32767;32767;32767;32767;32692;32767;32112;32251;22643;32767;32767;32767;32767;32767;32767;32767;32767;32767;32767;32767;32767;32767;32767;32767;32767;32767;32767;32362;19033;23934;22918;21073;18289;32767;17889;32767;32767;32767;32767;;;;;;;;;;;;;;;;;;;;;;;;;;;;;;;;
Ragazzo_si_incazza_e_rompe_il_computer.wav;energia;6,45E+15;1,51E+17;9,57E+16;1,37E+17;1,81E+17;1,91E+17;1,30E+17;2,88E+17;2,83E+17;1,71E+17;2,68E+17;4,43E+17;3,62E+16;3,65E+17;3,71E+16;2,38E+17;2,44E+16;2,87E+17;2,54E+17;2,89E+17;2,76E+17;3,22E+17;2,42E+17;1,97E+17;2,19E+17;2,63E+17;2,24E+17;1,90E+17;1,07E+17;3,19E+17;3,16E+15;2,03E+17;1,95E+17;2,77E+17;2,04E+17;2,17E+17;1,89E+17;2,12E+16;1,17E+12;1,15E+16;3,99E+17;3,16E+17;3,40E+17;3,53E+17;3,46E+14;2,83E+17;2,20E+17;1,47E+17;1,62E+17;2,39E+17;1,86E+16;2,67E+17;1,10E+16;8,83E+13;7,46E+13;2,98E+15;1,86E+17;2,00E+16;1,75E+17;1,96E+17;1,67E+17;6,87E+16;7,42E+16;2,94E+16;1,85E+16;8,71E+15;8,08E+16;1,08E+17;5,48E+15;4,67E+17;4,59E+17;3,44E+17;3,27E+17;9,84E+16;1,18E+17;1,86E+17;2,33E+17;2,58E+16;1,90E+17;2,58E+17;2,38E+17;2,51E+17;1,65E+17;1,46E+17;2,40E+16;7,65E+16;2,51E+16;1,13E+16;3,85E+17;2,47E+17;2,07E+17;5,69E+17;2,38E+17;3,36E+15;2,99E+16;1,01E+17;2,76E+17;2,04E+17;2,00E+17;3,02E+17;3,61E+17;6,36E+16;1,89E+16;1,75E+17;1,26E+17;1,15E+17;6,61E+16;1,23E+16;8,91E+15;2,39E+16;2,06E+16;2,74E+16;1,59E+17;1,41E+16;2,48E+17;3,49E+17;8,31E+16;1,33E+17;;;;;;;;;;;;;;;;;;;;;;;;;;;;;;;;
Ragazzo_si_incazza_e_rompe_il_computer.wav;frequenzeH0;1;65290;365715;529860;271836;83060;296896;175010;681471;174899;282304;204197;42779;86317;234115;87512;63401;491071;70009;254712;53059;114538;281351;271323;100469;85706;198952;647;13607;59924;694522;161916;196794;57763;102684;163709;55433;62247;14995;4731;121603;22822;166991;67376;2351;80266;238907;398089;8294;440939;86088;189778;185721;2528;9215;368;450145;36897;173121;34146;243168;74796;883;7668;17588;758;131308;101464;14613;120693;36994;221836;116235;84230;4455;71262;200097;51312;106940;12765;16408;100204;25867;53572;131471;28802;60471;13219;3491;365623;257460;14334;357485;164535;704791;11081;2299;709894;105526;25783;50121;82418;17405;36806;128843;83141;97170;7711;9069;6264;66235;59332;4516;143035;73083;220204;126303;118901;;;;;;;;;;;;;;;;;;;;;;;;;;;;;;;;
Ragazzo_si_incazza_e_rompe_il_computer.wav;frequenzeH4;0.77322;7218.86;81969.5;55196.3;120358;100378;92081.5;25498.8;35427.7;218155;206146;103058;232028;62025.8;81154.9;53863.5;86204.5;287745;84454.2;54070.1;139539;319425;145540;151254;97285.3;132283;48654.1;20402.6;38275;11797.4;44058.7;89883.7;16024.6;31589.9;42733.5;44646.4;77773.2;4415.46;3610.44;568.714;89289.7;59250.2;23847.5;69505.7;30169.9;18308.8;66782.6;76110.4;6132.28;59751.7;15122.6;57856.5;128490;1381.85;2699.17;3018.42;31986.5;42773.4;76313.1;32167.4;66541.7;233386;3048.25;23749.8;122303;6293.72;109301;334018;1873.91;72160.3;53504.7;113216;44511.1;49579.8;54327.4;114665;33625.9;179573;95007.8;67154.8;120911;12569.8;80959.9;50760.7;106606;97867.1;10408.9;4829.36;47513.6;92205.6;202641;57822.2;11081.2;37209.9;98618.6;29862.4;25854.7;61289.7;115779;19419.7;80563.5;65561.3;14291;122570;37597.7;14356.7;25142.7;16182.1;5093.75;16803.5;11907.9;17832.5;11863.7;42931.1;41045.1;14102.6;77081.5;49504.1;;;;;;;;;;;;;;;;;;;;;;;;;;;;;;;;
Ragazzo_si_incazza_e_rompe_il_computer.wav;frequenzeH6;0.814243;6103.61;148357;29869.8;140294;107850;100668;48988.1;42722.4;35259.8;69754.3;39191.8;109547;33367.8;95014;57876.5;33436.9;66780.8;46878.1;11041.7;95329.5;142649;59749.4;20609.6;45853.8;76327.1;12499.7;23028.5;87410;76558.6;12912;112378;15746.5;53479;91232.4;23940.1;69792.3;33369.8;2535.81;2089.63;34675;33805.8;146457;19161.9;29573.9;11031.9;59286.8;32266.5;3679.75;21872.9;7945.08;12977.9;63988.7;1748.04;503.417;1834;28347.9;20115.3;127341;58104.9;59000.2;55864.1;5445.1;56246.7;134499;4980.11;204843;227343;3184.49;153238;213912;202814;66167.8;14714.1;59255.2;217082;27834.6;58798.8;39464.4;69857.4;149588;45561.4;91944.9;157463;34945.8;187809;18481.5;1428.97;48567.9;34991.1;19643.6;40871.1;8409.67;42686.1;71674.7;82369.7;165564;36968.1;106110;18074;37324.3;235156;19879.9;74820.5;39891.5;65344.3;34565.3;8511.48;25290.4;5811.84;18623.3;18400.5;13823.4;21556.7;126737;114179;56906.6;85160.9;;;;;;;;;;;;;;;;;;;;;;;;;;;;;;;;
Ragazzo_si_incazza_e_rompe_il_computer.wav;posFreqFond;31;0;0;0;0;1;0;61;0;1;0;0;1;63;2;1;1;0;1;2;1;1;0;1;63;1;1;14;2;1;0;7;0;1;8;0;1;1;0;0;1;63;2;63;1;0;0;0;8;1;1;0;0;8;0;1;0;1;11;63;0;1;5;58;6;8;6;4;0;59;63;63;2;15;7;6;12;5;13;6;5;15;6;5;9;2;0;0;61;0;0;2;0;0;0;8;5;0;63;1;1;5;5;1;0;0;15;4;6;5;0;0;1;0;6;1;0;0;;;;;;;;;;;;;;;;;;;;;;;;;;;;;;;;
Ragazzo_si_incazza_e_rompe_il_computer.wav;pendenze;560.575;16398.2;130798;324653;141094;463787;147850;176659;284023;84654.4;179709;77274.3;296282;263475;533296;616492;58306.9;383080;149288;333204;154587;499595;2890.77;211047;143642;264008;115027;75116.2;237805;131538;302340;147012;101743;532191;176959;114481;127347;101649;11241.2;3788.49;192812;266606;569721;101377;112383;51964.9;114487;272766;4740.7;391595;54544.3;11200.9;8479.99;3333.49;6965.84;3528.99;397417;188135;159648;82316.2;111561;533302;10132.7;40224.3;112964;6466.82;177801;224906;7468.09;178572;331918;432277;266362;92469.7;114407;49042.1;218412;190859;96839.3;6784.35;41981.8;141958;55153.6;175697;131172;129940;58948.7;11835.8;49935;75311.7;38716.4;91788;15108.9;87809;437270;144092;263361;389014;460548;26368.1;766049;254856;65321.2;226740;2501.32;18153.4;120772;10195.2;18476.6;30026.1;31605.2;32582.3;68500.9;24362.4;111862;201660;94024.4;55825.3;;;;;;;;;;;;;;;;;;;;;;;;;;;;;;;;
litigio_di_sgarbi.wav;discretizzatore;-218046;-147065;90453;-43647;-36695;87836;-42760;-24449;-16254;-1033;-32114;44551;-65919;-697;191594;-278875;25698;125504;-88187;-301386;58986;94823;-22555;-209351;212375;-94547;-97209;5154;30010;13838;61475;-67905;-21011;10718;-17950;37894;-100766;162214;-179971;114962;-72666;61980;18289;-230999;134351;162803;-171821;149686;-309277;84986;-30398;-31697;-42038;-148567;-99859;173059;9630;22790;-34621;-195065;267203;-444961;292774;45866;-71165;-2062;-164639;131506;176573;-43241;-24274;-27935;68356;-49349;-64100;83360;-6271;-38116;-66280;141132;-66291;-65860;-38568;231354;-30342;-62592;131467;-31188;-63096;131842;-189374;91727;-12450;-84169;-161233;115775;103482;-13753;-29635;71654;-57851;161261;-329222;145571;-32723;57568;-205989;87517;39092;34846;-122170;481;-77588;75985;33951;175477;-87995;72614;-29250;12003;-113509;64842;-28353;-38666;40007;-66691;40183;-112432;70175;-127607;25198;-78343;100237;-74797;120701;-58261;;;;;;;;;;;;;;
litigio_di_sgarbi.wav;media;-988.871;-666.961;410.218;-197.946;-166.417;398.349;-193.923;-11.088;-0.737143;-0.0468481;-145.642;202.045;-298.952;-0.03161;868.907;-126.474;116.544;569.179;-399.941;-136.683;26.751;430.036;-10.229;-949.438;963.152;-428.785;-440.857;0.233741;1.361;0.627574;278.798;-307.959;-0.95288;0.486077;-0.814059;171.855;-456.989;735.664;-816.195;52.137;-329.551;281.088;0.829433;-104.761;609.302;738.336;-779.234;678.848;-140.262;385.424;-137.859;-143.751;-190.649;-673.773;-452.875;784.848;0.436735;103.356;-157.011;-884.649;12.118;-201.796;132.777;208.009;-322.744;-0.0935147;-746.662;596.399;800.785;-196.104;-110.086;-126.689;310.005;-223.805;-290.703;37.805;-0.284399;-172.862;-30.059;640.054;-300.639;-298.685;-174.912;104.922;-137.605;-283.864;596.222;-141.442;-28.615;597.923;-858.839;415.995;-0.564626;-381.719;-731.215;525.057;469.306;-0.623719;-134.399;324.961;-262.363;731.342;-149.307;660.186;-148.404;261.079;-93.419;396.902;177.288;158.032;-554.059;0.0218141;-351.873;344.603;153.973;795.814;-39.907;329.315;-132.653;0.544354;-51.478;294.068;-128.585;-175.356;181.438;-302.454;182.236;-509.896;318.254;-578.717;114.277;-355.297;45.459;-339.215;547.397;-264.222;;;;;;;;;;;;;;
litigio_di_sgarbi.wav;picchi;22647;22548;17907;21299;20974;14927;20281;21246;20389;19278;22653;22580;22440;22523;20699;16653;21433;21270;22424;19802;19811;19843;21045;18162;22507;21896;20644;19186;19157;19384;20421;18744;19396;15663;19820;18438;20222;18707;19986;19396;19588;11211;19380;22282;19328;19794;20052;16050;18935;16963;21656;20358;14109;21316;21081;18786;19324;14587;16013;20765;16743;17303;17111;18618;18751;4237;17140;19089;14598;20235;17929;6623;20909;18745;18813;17983;19404;19668;19124;20449;18119;21418;18385;18246;18133;21491;20155;17459;18591;20370;20491;21024;17409;19639;20808;19606;18935;20267;13506;19952;16852;21658;21873;22130;17946;19629;17341;16784;20478;19548;17470;17765;17910;19492;18379;20003;17437;16464;16906;19928;17467;19917;17087;18657;20749;18216;22502;22298;21474;16972;21062;18698;20046;19720;18105;4325;;;;;;;;;;;;;;
litigio_di_sgarbi.wav;energia;6,45E+16;7,51E+16;3,75E+16;1,12E+17;5,13E+16;4,24E+16;1,21E+16;5,40E+16;3,07E+16;2,17E+16;7,45E+16;3,61E+16;6,18E+16;5,21E+16;4,71E+16;2,84E+16;3,22E+16;4,85E+16;6,42E+16;3,17E+16;5,17E+16;4,02E+16;5,94E+16;2,23E+15;9,30E+16;3,72E+16;4,30E+16;5,63E+16;3,07E+16;3,73E+15;1,68E+16;4,41E+16;4,04E+16;3,69E+15;5,49E+16;1,15E+16;3,80E+16;5,27E+16;3,58E+16;4,83E+16;4,27E+16;1,12E+16;2,23E+15;6,65E+16;3,33E+16;4,90E+16;4,96E+16;2,34E+16;5,39E+16;3,55E+16;4,57E+16;4,82E+16;6,70E+15;4,17E+16;5,18E+16;3,37E+16;4,36E+16;1,12E+16;4,91E+15;7,14E+16;2,83E+16;6,81E+16;3,40E+16;3,32E+16;5,30E+16;2,44E+15;3,00E+16;5,92E+16;1,54E+16;2,37E+16;3,21E+16;2,51E+15;3,78E+16;6,00E+16;3,67E+16;2,33E+16;5,43E+16;5,61E+16;7,10E+16;5,49E+16;4,06E+16;7,25E+16;6,05E+16;9,13E+15;6,69E+16;4,56E+16;5,46E+16;7,07E+15;6,07E+16;5,21E+16;6,06E+16;3,65E+16;2,75E+16;4,45E+16;4,60E+16;5,33E+16;4,26E+16;3,93E+16;1,02E+15;3,84E+16;2,13E+16;4,58E+16;7,33E+16;5,89E+16;2,07E+16;9,02E+16;4,81E+16;4,09E+16;6,94E+16;5,77E+16;4,64E+16;4,39E+16;4,57E+16;6,43E+16;4,93E+16;7,10E+16;3,21E+16;3,87E+16;3,41E+16;3,86E+16;2,22E+16;2,31E+15;5,02E+16;4,29E+15;6,21E+16;4,62E+15;4,66E+16;4,83E+16;3,70E+16;3,56E+16;7,45E+16;6,37E+16;5,93E+16;7,98E+16;5,85E+16;2,60E+15;;;;;;;;;;;;;;
litigio_di_sgarbi.wav;frequenzeH0;955;67596;162724;2075;30958;85718;17945;90610;134328;17174;48938;28111;85664;57498;45918;121314;38339;249;30018;50390;288160;93171;227445;9491;284974;12680;77264;54588;60140;4782;37221;17737;139388;7935;1708;90915;6905;1348;29468;7363;118383;3101;16922;55723;24605;86338;88495;4539;18472;59796;9001;219102;17533;26003;30806;415672;34993;16416;31371;12296;96508;331039;357448;19447;10253;23316;15099;13739;89744;28858;11048;3077;7417;99045;17316;57372;15221;28370;35886;56055;77969;52790;161986;210215;30194;85030;3068;130713;28440;61787;122608;57424;54510;16384;49134;39413;3500;97554;17750;24243;156120;4835;241815;109803;94186;15724;44862;89431;34886;12341;116003;2251;129286;51454;183351;144462;56192;55693;248299;18888;36987;1204;111148;10883;33934;78824;4033;23938;71583;17366;60567;25675;212059;40073;132581;49697;;;;;;;;;;;;;;
litigio_di_sgarbi.wav;frequenzeH4;4292.77;19855.9;34642.7;3646.77;533.497;24297.2;1570.63;115656;10762.9;16099.5;88264.9;6268.01;17373.3;50426.5;6330.66;28668.6;7881.8;15466.8;11497.4;3883.79;23069.8;21545.8;49030.2;6736.21;42768.2;19943.9;16544.6;13509.5;8592.31;9922.17;3519.34;9815.79;24623.4;6042.08;6832.41;27943.2;1586.85;38870.9;8961.95;6638.57;21287.4;4301.69;17162.9;10211.6;41534.5;60862.6;29598.3;17803;41793.8;26577;11075.6;18911.8;506.245;13894.6;15381.7;59200.2;13840.2;4965.84;25290.7;6408.83;67277.5;22599.6;23711.4;15803.9;23750.5;2195.21;1360.12;55337.5;13183.9;12172.2;8956.59;7634.27;4867.09;28077.7;33434.9;30430.2;13074.2;77353.9;8670.15;23842.7;16232;2655.01;53046.5;4386.94;11504.2;25112.2;7075.3;12390.9;5662.7;39793.8;27733;6566.51;29832.4;51202.8;7966.59;21876.8;7291.27;11845.2;16020.8;22325.3;10602.9;19227.7;3202.86;35282.5;12866.6;4839.54;21107.3;17018.1;31006.4;32255.9;19277.4;18268.4;4389.57;48103.2;51754.6;7492.27;17473.6;13128.8;30228.5;4983.97;2695.81;10498.4;80563.6;4330.84;4802.99;17973.7;18347.4;19438.4;7380.28;52593.3;35648.6;70021.4;18265.3;7196.44;13940.9;7918.76;;;;;;;;;;;;;;
litigio_di_sgarbi.wav;frequenzeH6;3076.93;9158.02;11938.3;6690.37;2708.95;11318.3;1081.23;57358.9;2226.98;8636;53353.4;9002.56;11206;42253.1;3107.58;11894.3;4008.9;2645.82;8039.25;4075.02;19693.2;10298.4;26031;4776.15;27537;1657.34;7206.3;6439.53;7789.08;5295.41;1507.73;1409.92;3616.15;3777.51;2431.29;15574.8;1459.27;17155;5753.71;1618.83;21864.3;3823.63;13591.7;7710.8;8066.46;3688.47;19704.9;5598.27;18396.2;3261.47;4442.19;6158.65;2316.07;8874;3083.85;31377.7;20617.3;3298.25;2470.32;4298.57;20213;25670.8;13961.4;4274.65;6453.99;459.749;8461.09;22772;8731.15;5562.54;18552.4;1095.04;3237.7;14333.5;7133.7;19466.9;2243.75;52163;3310.12;40297;6139.15;2941.64;1894.35;12900.8;8805.5;8237.01;13012.2;6394.71;1864.83;28751.3;20546.2;11754.5;19169.2;15808;6093.24;12451.3;9432.02;6294.19;3637.55;14089.4;2133.28;6740.33;865.234;38385;14563.6;2047.51;20084.8;14590.5;25827;4602.66;14808.2;10568.5;6767.22;8662.35;30546.4;13061.2;9409.89;7144.75;5780.95;5191.45;1849.55;3480.62;22976.7;16445;6586.02;8985.36;30708.9;6552.95;23018;7369.12;30271.1;31933.1;14369.7;7680.45;8966.95;4413.21;;;;;;;;;;;;;;
litigio_di_sgarbi.wav;posFreqFond;63;1;1;3;1;0;1;3;0;1;1;0;1;2;0;1;62;3;1;0;0;2;0;2;0;1;0;63;1;1;1;3;0;1;1;1;1;1;2;1;1;1;1;63;3;1;1;1;63;1;1;0;1;3;63;0;1;1;0;3;1;0;0;61;1;1;0;1;1;1;1;62;1;63;62;1;1;2;1;2;2;0;1;0;1;1;2;0;1;2;1;2;2;3;1;1;1;1;3;2;0;3;0;3;63;1;1;0;1;3;1;2;1;3;0;0;1;1;1;1;0;1;1;1;0;0;1;1;1;63;1;2;0;1;1;63;;;;;;;;;;;;;;
litigio_di_sgarbi.wav;pendenze;21392.9;72639.6;68082.3;11944.5;39148.1;67474.3;33212;21178.8;77517.2;20830.5;211456;4529.9;66870.2;56818;34047;234497;51621.3;41934.5;57891.5;34019.5;124294;82276.7;166970;26316.8;180371;84998.6;25618.2;21714.3;152588;89234.7;26361.3;9374.88;96037.8;34685.9;6811;17950.5;6350.64;332652;29560.5;15415.3;137063;38735;148945;4684.47;43971.2;133239;247786;75664.6;111927;143051;47216.6;114678;36834.9;29322.5;20365.2;306532;260155;17682.2;12867.7;14401.1;92197.9;211563;28390.9;13422.2;266196;49353.4;130.374;280294;316640;35533.3;222371;8352.32;11500.3;93139.1;98189.9;175450;249945;198422;101250;161235;134297;21649.9;110703;90244.1;404921;146456;29199.2;11006.6;94097.9;178257;44476.9;192282;144362;64083.9;31243.8;315868;343698;135754;15769.5;27124.5;64062.9;5813.98;226189;89839;282301;14857;153443;33879.6;172690;46969.6;233495;36195.2;200852;75059.6;103253;5446.4;91154.9;36231;293419;44700.8;20726.2;21867.8;135728;30473.6;17969;23849.6;190794;54451.1;51023;47150.7;145421;85058.5;43984.7;304276;368400;88211.2;;;;;;;;;;;;;;
motociclista_1.wav;discretizzatore;389073;7782;30725;-46016;460862;-664260;35154;-188308;-129281;-58181;-154648;-86946;-42341;-131266;88383;-170441;-37675;595466;5556;151307;-57757;9263;436500;-26165;-146667;-90185;107569;-44945;137548;-169221;-130956;9311;-341502;502156;55720;290630;7882;-97923;292595;-76122;82224;-308642;134808;-68757;44861;-80500;-113369;56920;15084;-33247;-124449;71885;-143352;-86866;-15181;-2184;-61204;-71378;64059;73440;22297;-240546;62627;-125500;67537;-27847;145020;54054;-105322;-60671;51639;-165909;-205873;-229655;134981;359683;-264114;90317;-229982;233917;180523;6479;-6351;-34842;-236807;-307109;-42932;18525;-30834;187718;-17486;-29549;-84987;-217045;101556;-110761;-64175;-270459;108441;-139911;193343;86287;-222070;101471;-39260;-106321;85483;360339;-90436;-2938;-78292;187352;54850;-15434;76195;-72753;-5771;-303636;-36163;-273698;228371;-108769;-77139;-183485;136629;-89688;14916;15052;-154541;3737;-55811;-63960;-97437;-31394;223330;-130927;340186;48459;44333;-255500;58314;;;;;;;;;
motociclista_1.wav;media;17.645;0.352925;139.342;-208.689;209.008;-301.252;159.429;-854.005;-586.308;-263.859;-701.351;-394.313;-192.023;-595.311;40.083;-772.975;-170.862;270.053;0.251973;6.862;-261.937;0.420091;197.959;-118.662;-665.156;-409.002;487.841;-203.832;6.238;-767.442;-593.905;0.422268;-154.876;227.735;252.698;131.805;0.35746;-444.095;132.696;-345.224;372.898;-139.974;611.374;-311.823;203.451;-365.079;-514.145;258.141;0.684082;-15.078;-564.395;326.009;-650.122;-39.395;-0.688481;-0.0990476;-277.569;-32.371;290.517;333.061;10.112;-109.091;284.023;-569.161;30.629;-12.629;657.687;245.143;-477.651;-275.152;23.419;-752.422;-933.664;-104.152;612.159;163.122;-11.978;409.601;-10.43;106.085;818.698;0.293832;-0.288027;-158.014;-107.395;-139.278;-194.703;0.840136;-139.837;851.329;-0.793016;-134.009;-385.429;-984.331;460.571;-502.317;-291.043;-122.657;491.796;-634.517;876.839;391.324;-100.712;460.186;-17.805;-482.181;387.678;163.419;-410.141;-0.133243;-355.066;849.669;248.753;-0.699955;345.556;-329.946;-0.261723;-137.703;-164.005;-124.126;10.357;-493.283;-349.837;-832.132;619.633;-406.748;0.676463;0.68263;-700.866;0.169478;-253.111;-290.068;-441.891;-142.376;101.283;-593.773;154.279;219.769;201.057;-115.873;264.463;;;;;;;;;
motociclista_1.wav;picchi;14366;23203;20470;9843;18078;21787;23372;23492;21333;16744;20182;19068;19559;22621;25031;7498;11922;25610;24156;21178;22662;12154;18497;20840;21871;21311;13894;17694;22647;21260;23352;23326;21104;11377;8932;19548;17193;19880;17537;19714;5647;18708;9607;12492;21014;20203;21898;18174;19878;17293;15790;21795;19763;18949;15002;20796;21552;17849;22812;20775;18741;19322;20875;8196;22571;17875;11796;6475;22109;21961;18237;11782;19139;20613;22833;11220;21204;16392;19701;11717;17119;22433;22059;22206;20129;19547;21204;4119;10838;22512;21562;13735;12658;18808;19284;15596;16007;11601;21470;5856;20444;16521;17321;20384;14980;18091;18412;21424;20258;10518;19327;22465;10696;21482;18593;11930;21082;18928;11537;19435;12538;18457;22089;13675;20151;20425;15504;21605;24370;25428;25795;22007;23813;21674;19271;22190;16996;22473;23918;13367;636;;;;;;;;;
motociclista_1.wav;energia;8,82E+15;6,85E+16;4,48E+16;9,64E+15;3,54E+15;9,04E+16;3,18E+16;6,74E+16;5,56E+16;4,43E+16;4,87E+16;5,49E+16;6,08E+16;3,76E+16;8,27E+16;3,75E+14;1,68E+16;1,08E+17;7,51E+16;4,48E+16;3,12E+16;4,75E+15;4,44E+16;3,25E+16;5,35E+16;4,21E+16;4,09E+16;2,22E+16;1,16E+17;7,97E+16;8,11E+16;1,07E+17;4,64E+16;1,29E+16;1,55E+16;2,89E+16;1,89E+16;5,41E+16;2,43E+16;2,69E+16;2,16E+15;3,32E+16;1,99E+16;1,30E+16;3,73E+16;2,72E+16;3,47E+16;2,13E+16;4,69E+16;1,88E+16;2,71E+16;7,18E+16;4,76E+16;5,22E+15;2,67E+16;4,97E+16;3,65E+14;3,02E+16;8,28E+16;6,02E+16;7,47E+16;8,67E+16;5,51E+16;7,21E+15;1,47E+17;6,74E+16;1,58E+16;3,76E+15;1,19E+16;1,02E+17;4,34E+16;2,96E+16;1,95E+16;7,75E+16;1,33E+17;3,67E+16;4,52E+16;1,65E+15;2,09E+15;1,83E+16;1,56E+15;5,71E+16;5,65E+16;4,85E+16;4,27E+16;5,12E+16;3,79E+16;1,60E+15;1,16E+16;1,26E+17;1,14E+17;8,81E+15;6,11E+15;3,49E+16;4,30E+16;1,29E+16;2,10E+16;1,09E+16;9,30E+15;9,13E+14;6,70E+16;3,14E+16;4,00E+16;2,84E+16;5,02E+15;4,08E+16;3,49E+16;5,56E+16;2,68E+16;2,57E+15;7,03E+16;4,72E+16;7,96E+15;3,75E+16;1,80E+16;1,90E+16;7,08E+16;3,87E+16;1,24E+15;1,90E+16;7,15E+15;4,68E+16;2,20E+16;2,33E+16;4,89E+16;5,90E+16;4,51E+16;1,02E+17;4,55E+16;1,05E+17;9,44E+16;6,76E+16;7,16E+16;5,12E+16;8,83E+16;5,85E+16;4,60E+16;5,31E+15;1,19E+17;1,96E+16;8,91E+12;;;;;;;;;
motociclista_1.wav;frequenzeH0;151638;61926;15286;32063;29531;252268;54091;2941;43851;123366;23429;90162;13892;4517;53441;39853;7107;13308;17975;167606;3048;46661;304993;26601;5563;33970;5630;30135;23488;176521;6839;33193;15075;330277;29060;9911;57292;6747;70663;18452;14480;27503;49867;22763;13282;121899;55079;10551;9337;54732;13627;102885;72965;2705;1038;75391;118894;10483;52296;5318;9628;157974;140545;7022;57020;8953;157531;4042;68745;104765;22545;181040;329875;15898;153250;19798;183187;38914;118274;28880;8240;26337;13666;1308;246598;18736;40550;31659;86783;62366;3832;5537;9391;10143;48299;50868;26318;1626;156517;79366;15770;71028;129310;14461;10017;130986;177449;105881;67143;19219;176649;32316;90441;100184;93952;854;90597;106810;47286;43193;74802;5069;175381;2782;100804;148752;6450;119349;3627;38164;2696;3185;7098;80297;17849;26161;80032;340121;61390;1823;14673;;;;;;;;;
motociclista_1.wav;frequenzeH4;3961.94;26439.4;1162.37;13385.8;3156.42;26797;23012.6;13215.3;62466.2;11286.3;16788.7;58513.9;1217.53;5443.64;4571.32;11558.9;7218.86;38825.5;6100.84;26190.6;508.694;2839.01;14734.7;1507.71;3199.85;1345.71;7481.57;601.027;1145.93;17974.9;467.582;24978.9;40201.1;22396.7;3718.08;12877.6;10708;38315;113150;43581.5;1692;11272.5;5364.41;2250.33;3158.47;57117.9;81590.4;46969.3;1747.42;1417.84;1776.61;8620.45;16651.7;20137;932.299;4083.81;18617.9;546.567;39740.8;544.66;238.08;31410;5635.86;778.044;11549.5;3858.41;16943.8;519.838;28840.8;11842.5;1869.74;13167.9;20451.4;825.289;30479.1;17419.3;15463.7;492.579;12210.5;1085.3;5009.96;3130.96;6756.88;1917.96;31758.4;12947.7;14039.4;7702.52;12181;16312.2;5328.99;2260.06;1450.17;8550.54;55321.3;20974.2;7308.97;1330.57;32033.1;3780.12;59252.2;32735.6;36950.1;5341.27;896.749;15720.8;4148.62;5079.68;57925.7;16958.6;16084.6;4668.3;24381.4;9902.46;20539;837.916;3634.88;53774.5;1945.26;8621.39;2059.4;3697.98;1638.3;5400.63;13222.2;9771.14;2078.38;44586;21720.1;109032;1047.92;40652.2;359.349;34010.4;2530.47;759.72;4306.04;12260.2;35206.9;548.654;1187.55;;;;;;;;;
motociclista_1.wav;frequenzeH6;469.999;15715.6;1019.01;5798.65;3114.41;19894.3;14234.1;3571.97;22868.6;158.074;2728.93;43615.4;554.629;2449.22;13777.2;4914.79;3921.85;13295.9;1760.43;6140.76;1261.08;2103.73;8193.75;801.508;4575.95;1980.94;1676.88;862.895;181.663;17454.5;913.184;11052.8;9097.14;11055.9;1349.95;11227.3;28631.6;29735.7;24158.1;23636.7;17151.1;11411.1;31895.1;2490;1153.82;27691.8;18518.1;11329.9;11036.5;8726.84;1160.02;6007.5;10871.6;12583.4;382.885;1988.66;15408.4;473.795;11722;329.273;273.237;23644.9;3693.66;914.298;7823.31;2810.43;14820.4;856.259;20910.5;13836.4;3419.79;5607.71;10303.8;341.218;20540.9;9974.96;11315;446.342;8581.67;1147.98;25137.9;795.144;3028.75;349.829;25251.9;7374.15;3566.79;4922.3;5967.15;3564.12;1810.42;1896;212.889;873.987;17353.2;11830.7;5004.21;674.98;18437.8;3368.83;23871.8;8813.28;30177.7;2473.27;704.507;8028.84;4788.74;2507.55;28290.5;8548.81;8849;2843.78;16236.9;5662.4;32476.8;170.47;3629.73;27808;794.765;9584.91;1646.94;1711.91;1540.93;1293.78;5485.79;4377.62;1132.48;47653.5;3678.46;59931.9;686.192;32126.4;145.412;23944;2565.32;1021.92;4013;6610.47;24663.1;712.367;1056.25;;;;;;;;;
motociclista_1.wav;posFreqFond;0;1;0;0;1;1;1;1;1;0;0;2;0;1;1;1;2;3;1;0;1;0;0;1;1;0;5;0;0;2;0;1;2;0;1;1;63;1;1;1;9;1;1;0;0;1;1;1;58;0;0;0;1;1;1;1;1;0;1;0;0;1;0;1;1;1;0;1;63;1;0;0;0;0;1;63;0;0;0;0;6;0;1;3;0;1;2;63;0;1;1;0;0;0;1;63;2;1;1;0;1;63;1;1;0;1;1;1;1;1;0;1;1;0;1;1;1;1;0;1;0;3;0;1;0;0;1;1;1;1;63;1;0;1;1;0;0;0;1;1;0;;;;;;;;;
motociclista_1.wav;pendenze;129713;196213;7304.17;15993.7;18826.1;281535;235681;296994;43875;88894;6972.96;186318;11858.8;44811.9;249124;44066.6;34454;17130.6;16158.6;82214.6;4086.73;38551.3;185961;29268.7;120436;26383;6923.81;27977.1;18532;182871;4943.68;115162;34619.4;229577;42536.4;56557.5;103444;225910;85388.3;86367.1;23767.1;22089.9;111347;12062.1;7178.39;74860.1;41558.8;43292.5;5758;5139.25;9385.64;66570.7;246501;375155;7043.24;88750.7;63166.6;6982.41;207583;4111.03;6200.7;160567;97278.7;4958.39;50614.5;10987.8;96496.8;8378.09;75835.4;245636;11974.5;71172.3;206167;8385.1;161285;26001.3;58138.1;33846;93083.7;25671;20117.8;12141.7;42620.8;3290.65;40472.5;255829;154791;34636.8;1381.08;203623;183428;1430.01;6794.35;5657.64;52818.4;57329;17864.4;4061.08;226460;58811.4;126078;88183.4;74146.2;112963;7171.46;142116;277204;80732.4;266475;52227.7;114318;32741.6;34007.7;83763.3;123479;8954.9;90655.7;124165;38643;69296.5;7433.65;2131.98;131111;8461.41;85196.5;42170.4;6964.56;135134;412395;482810;1346.76;236215;4476.74;461139;25781.3;23588.3;76342.6;131537;281846;7605.64;11204.5;;;;;;;;;
Super_Angry_Australian.wav;discretizzatore;-69855;-513780;-138026;-247316;241133;371912;2278;-96639;94832;-1,33E+11;255376;80676;869574;-85831;-75176;-731764;-281549;734499;-456175;857450;842428;-261265;-1,07E+10;230240;159980;622541;-113370;-84202;-516246;1,10E+11;615729;355923;-654663;1,21E+11;144120;718407;585670;-310389;375638;1,28E+11;1,43E+11;685489;198477;1,12E+11;-384830;-217312;1,27E+11;599603;45506;-1,31E+11;495034;534210;-722151;435296;-463040;-1,06E+11;-162419;770241;-406252;1,47E+11;1,15E+11;-272274;998244;-1,28E+11;-478525;-45111;-297674;-817993;-778047;223790;2,45E+11;-2,54E+11;-817020;-464734;-917597;898984;730027;166163;154859;466549;-1,58E+11;626887;-3,49E+11;1,25E+11;690880;510953;616415;1,45E+11;-555463;-1,11E+11;-758533;68043;-121514;359942;-5412;-1,14E+11;590078;-1,12E+11;-1,87E+11;1,26E+11;-671647;-745842;822862;609714;153929;368181;127653;-23899;1,21E+11;-1,22E+10;-95049;2,20E+11;137200;-74446;188356;-124633;-1,36E+11;-203976;20378;-2,24E+10;1,09E+11;-354308;89734;1,23E+11;-81448;-1,57E+11;966409;-1,04E+11;-1,22E+11;624659;-587749;127363;173071;-397145;-249431;824538;-465502;-954567;352474;77732;-1,29E+11;947604;575147;-593392;-602860;331049;984399;153208;738460;26438
Super_Angry_Australian.wav;media;-316.803;-233.007;-625.968;-112.161;109.357;168.668;0.103311;-438.272;430.077;-601.926;115.817;365.878;394.365;-389.256;-340.934;-331.866;-127.687;333.106;-206.882;388.866;382.054;-118.488;-485.761;104.417;725.533;282.332;-51.415;-381.868;-234.125;499.102;279.242;161.416;-296.899;546.691;653.605;325.808;26.561;-140.766;170.357;578.238;649.527;310.879;900.122;506.112;-174.526;-985.542;577.984;271.929;206.376;-596.111;224.505;242.272;-327.506;197.413;-209.995;-478.523;-736.594;349.316;-184.241;668.449;520.132;-12.348;452.718;-579.624;-217.018;-204.585;-13.5;-370.972;-352.856;101.492;111.169;-115.114;-370.531;-210.764;-416.144;407.702;331.078;753.574;702.308;211.587;-717.585;284.302;-158.378;565.618;313.324;231.725;279.553;657.536;-251.911;-505.582;-344.006;308.585;-551.084;163.239;-0.245442;-516.254;267.609;-508.768;-846.249;569.513;-304.602;-33.825;37.318;276.514;698.091;166.976;578.925;-108.385;547.677;-555.192;-431.061;997.581;622.222;-337.624;854.222;-565.229;-614.954;-925.061;0.924172;-101.556;492.912;-160.684;406.957;558.405;-369.379;-710.201;438.281;-473.874;-554.717;283.292;-266.553;57.761;784.902;-180.111;-113.121;37.394;-211.112;-43.291;159.852;352.526;-586.549;429.752;260.838;-269.112;-273.406;150.136;446.439;694.821;334.902;1.199
Super_Angry_Australian.wav;picchi;16100;16935;16609;17019;16250;17891;17327;16908;17095;14176;17813;11647;15993;17115;16695;17272;17776;16959;18211;17614;17293;16541;17077;16367;17616;17722;18711;8980;17010;17546;18256;17538;17511;17284;17821;18706;17120;17501;17411;18473;17156;17703;16754;17762;17849;18110;17341;17169;18570;16762;17750;16326;18372;17770;17132;18177;16718;17780;17533;16780;17892;17688;18512;17834;17522;16696;17608;18053;17503;17768;18043;16499;13812;17421;15863;18910;18490;17615;18364;18092;18513;17045;18206;17090;17897;17007;17901;17413;18159;17920;18617;17398;16904;17766;18603;17669;17878;17763;18900;18135;17300;17902;17739;17214;18078;17546;18251;1022;17357;18618;17053;17849;18038;17617;17405;18876;17516;17370;18080;18188;17588;17463;18177;18023;17643;18533;18258;17601;17967;18324;17990;15270;19644;17800;17726;15470;19263;17601;3430;17681;18119;17776;18739;18889;17316;17072;18217;17444;17530;9789
Super_Angry_Australian.wav;energia;2,41E+16;4,23E+16;3,57E+16;4,02E+16;1,97E+16;4,52E+16;5,21E+15;2,91E+16;6,92E+16;1,65E+16;3,65E+16;2,04E+16;4,27E+16;4,84E+16;2,84E+16;6,36E+15;3,57E+15;4,43E+16;6,04E+16;3,94E+16;7,77E+16;4,81E+16;6,48E+16;3,09E+16;8,60E+16;6,65E+16;7,61E+16;1,38E+15;5,41E+16;8,47E+16;3,06E+16;4,32E+16;6,41E+16;4,30E+16;9,82E+16;4,80E+16;4,15E+16;1,05E+17;3,16E+16;8,34E+16;7,29E+16;5,67E+16;6,93E+15;1,21E+17;4,98E+16;7,16E+16;6,44E+16;5,94E+16;7,30E+16;3,07E+16;1,90E+16;6,92E+16;6,24E+15;4,86E+16;2,40E+16;1,18E+17;2,54E+16;8,08E+16;2,90E+16;7,01E+16;2,86E+16;6,71E+16;8,83E+16;5,84E+16;5,24E+16;6,51E+16;5,81E+16;7,93E+16;4,46E+16;3,13E+16;5,23E+16;5,22E+16;2,95E+16;6,83E+16;1,67E+16;7,26E+16;7,88E+16;7,48E+16;7,70E+16;5,64E+15;1,18E+17;1,59E+16;1,07E+17;3,38E+16;9,66E+16;5,17E+16;8,90E+16;5,53E+16;4,59E+16;6,51E+16;7,36E+16;4,26E+16;3,15E+16;7,68E+16;9,00E+16;6,71E+16;6,91E+16;9,40E+16;1,01E+17;3,67E+16;2,79E+16;9,36E+16;9,47E+16;6,06E+16;7,99E+16;2,16E+16;4,70E+15;5,12E+13;5,71E+16;6,72E+16;3,14E+16;7,83E+16;7,75E+16;1,54E+16;4,20E+16;7,52E+16;8,93E+16;5,53E+16;4,17E+16;1,18E+17;1,91E+16;3,50E+16;9,18E+16;8,19E+16;5,04E+16;6,45E+16;9,47E+15;5,29E+16;8,27E+16;4,80E+16;6,17E+16;2,76E+15;7,10E+16;8,22E+16;7,08E+16;4,05E+15;8,08E+16;8,38E+16;1,42E+14;3,29E+16;1,25E+17;5,38E+16;3,12E+16;9,50E+16;7,30E+16;3,30E+16;7,89E+16;7,06E+16;6,12E+16;1,26E+15
Super_Angry_Australian.wav;frequenzeH0;12;113367;113661;208;110880;38220;6587;17697;11338;34372;748;544;104324;1939;6208;4093;84;97795;126;3321;196971;23404;23778;1370;78369;39008;4802;1592;5499;2203;117769;5194;109800;47861;452;193638;1261;178489;76514;151620;80350;16175;8095;32148;537;359028;14377;203478;12299;6966;520;4090;90977;73171;1537;6270;90321;92240;126517;50970;71688;29433;54685;32779;60895;24039;4848;104969;9474;103343;302;37778;50910;1444;2445;1350;95117;95577;22133;1938;60598;8890;30951;56002;61626;32680;75704;37837;68535;2052;68416;123127;39755;31900;64051;162922;1467;40554;929;58896;2986;56625;71120;15597;74309;17580;2337;6835;3415;90916;5893;139222;113260;7862;5896;295;45770;47148;3101;10437;49385;1715;6231;79428;58073;2167;4892;236924;14737;227513;105739;767;124182;41106;121620;29597;3610;100285;29653;1914;29598;101797;1555;48159;51172;213;18091;30528;942;4699
Super_Angry_Australian.wav;frequenzeH4;1492.42;20996.5;9005.52;1004.38;37648.6;5228.05;1781.91;17138.1;85138.9;35425.1;404.651;243.043;11060.8;494.404;2343.49;1864.24;662.849;55401;2146.8;1790.92;56062.8;13014;11524.4;5047.73;17128.5;25533.7;38736.9;1192.43;17678.1;584.445;103099;4143.72;36113.5;154361;1594.02;103222;2292.32;148952;56125.4;130126;94362.1;24498.2;3089.95;42726.7;16098.4;6848.92;42080.3;34236.2;4611.64;3561.97;16422.7;3337.15;67162.2;37871.2;577.096;8597.72;64235.6;40923.3;50415.7;15452.1;65934.8;30438.2;62823.6;30963.3;68394.1;38269.7;28147.2;18886.1;70559.6;120187;5403.13;46235.5;35658.8;6298.91;4650.59;40513.5;41204.7;18607.8;48546.3;14710.4;46004;2325.56;21772.1;24016.4;33224.8;95104.5;56786.4;56138.3;46288.4;7811.16;18797.9;8755.42;20146.4;85913.8;41230.5;88230.4;1546.58;11900.8;64302.8;38062.6;822.063;55493.8;67368;48061.2;23306.4;45918.9;2685.03;1751.33;5360.47;70576.6;671.295;88736.4;75890.2;60556.4;6758.53;142342;13919;28286.2;2876;100666;76746.6;1399.05;194110;75771.5;28613.7;3162.55;5900.54;39344.6;8786.06;3612.27;69633.5;2144.7;46380;54576.3;70174.2;116224;3540.24;75890.7;4358.65;937.729;81348.5;39194.8;524.738;116959;34958.8;1297.71;86990.1;91935.2;1348.25;12534.8
Super_Angry_Australian.wav;frequenzeH6;1493.61;29151.4;2537.54;1658.18;7622.51;1141.87;2060.83;8026.11;13945.4;18573.2;603.859;647.946;4626.84;840.524;6643.98;3943.36;371.237;58846.3;1015.89;1138.68;19746.1;18201.6;4860.26;3048.46;8390.76;43390.1;6857.36;2390.83;2183.89;514.782;35893.9;1069.13;40304;30173.2;180.076;41462.6;987.92;58342.8;33769;25766.4;37044.3;34410.6;812.626;16573.9;7805.87;9120.98;9086.67;33909;2618.3;1892.55;29685.3;516.083;21884.7;41735.6;385.693;4297.19;32201.5;9393.45;6020.28;5182.81;57020.7;27496.4;27261.5;22727.9;29887.3;26218.3;9955.96;5680.42;35177;75293.4;523.266;13059.5;22263.9;6489.55;2001.09;40965.8;23369.3;34446.7;10870;2415.13;33514.9;769.643;24844.3;31096.7;35678.8;10529.4;14191.9;18238.9;34621.7;662.323;5734.24;8353.66;15682;25017.6;11743;29259.2;216.62;7533.49;52255.7;19934.4;420.747;45968.1;41450.1;32532.6;17692.5;17204.6;2427.44;198.503;248.734;15170;423.958;12022.8;39399.6;18176.3;9424.94;76149.2;17813.8;10076;1387.15;34548.2;12230.4;1957.62;34369.3;50077.8;33612.6;3117.63;554.821;66874.9;44991.3;10449;31692;363.134;12538.8;18170;21498.7;10350.6;3022.19;34291.5;6107.82;1177.16;23632.1;50735.6;1081.97;24475.7;61692;143.184;42934.8;49654.6;175.401;20575.8
Super_Angry_Australian.wav;posFreqFond;62;1;0;59;0;0;0;2;1;1;3;2;1;2;63;3;61;1;62;2;0;1;2;2;63;2;2;1;4;1;2;2;0;2;4;0;4;0;2;1;1;1;0;2;2;0;1;3;2;2;2;0;2;63;1;1;2;0;0;0;2;1;2;3;3;2;2;63;1;62;4;1;0;6;3;2;62;2;3;4;63;0;63;2;1;2;1;2;2;3;2;0;0;2;1;2;63;2;63;62;0;61;1;1;1;2;3;0;4;3;0;0;3;3;5;1;0;62;61;3;2;2;4;2;2;7;1;0;3;0;63;1;1;2;1;3;2;3;1;0;2;1;2;61;2;1;2;63;1;2
Super_Angry_Australian.wav;pendenze;1723.6;320204;98434.5;1980.93;96954.6;25184.3;5140.77;21613.6;106059;281899;1809.96;474.787;107312;2300.58;4461.43;2484.65;2846.05;180262;6542.86;4349.72;128947;38849.6;77228.5;47945.6;261979;310726;40057.1;3963.78;13709.8;8217.56;69805.6;4960.18;73741.1;80899;1056.8;78917.3;1490.64;76691.9;212763;175739;118729;370215;4769.94;119010;37190;87102;191189;188197;19818.2;8423.56;350246;2301.48;304300;350831;1441.47;13334.2;256170;82409.4;62153.9;19722.1;107239;307260;158295;61760.9;33306.1;201679;60579.1;56248.1;115760;134100;3534.88;72024.2;46628.1;3708.41;3384.66;139573;86689.8;165466;79885.2;10357.2;279823;3273.4;8084.15;210612;93169.7;238559;345194;299932;147002;8670.23;73972.5;46649.2;7911.78;264737;136957;129102;1673.9;86698.9;53599.6;34368.7;211.675;105858;249478;264174;280518;254816;3796.69;4797.45;4525.03;179762;827.698;114926;81235.4;207921;12867.1;266039;29418;106242;1577.76;129227;67152;5381.74;141682;84121.6;251834;5060.62;8758.74;217697;234577;140357;230461;2993.64;233533;228358;251787;96445;23499.1;174198;19456.1;372.46;196967;260593;3401.49;184665;115156;1615.72;266958;191972;4279.29;33350
;;;;;;;;;;;;;;;;;;;;;;;;;;;;;;;;;;;;;;;;;;;;;;;;;;;;;;;;;;;;;;;;;;;;;;;;;;;;;;;;;;;;;;;;;;;;;;;;;;;;;;;;;;;;;;;;;;;;;;;;;;;;;;;;;;;;;;;;;;;;;;;;;;;;;;;
poesia_l'amore.wav;discretizzatore;211768;40662;-5944;27400;20216;560964;-347739;-20783;-28867;162073;-11561;-16572;77993;290451;80081;502212;248246;-127335;17095;680084;-411414;107365;327082;-82651;9603;27797;-48870;-65205;3875;351032;164044;-40;276886;-59427;49175;253346;217452;-24587;21764;120671;-37813;-169925;-9894;-38415;63032;444382;-104339;28303;50668;297324;114039;-93346;273967;518970;-498598;268050;422017;-9064;-51891;10306;4981;2142;351724;246658;260736;169272;-276260;157074;737248;-36453;12433;38364;-202315;-110043;296915;-86854;476912;273421;182388;58728;-32551;6323;-6287;320029;-74939;145490;672677;-83130;175145;567500;277042;-263250;55681;79241;45147;-375966;428114;123833;-12082;16301;1,08E+11;-964020;279946;195787;75102;-88642;-29608;-6606;235952;22307;206850;-22185;4702;;;;;;;;;;;;;;;;;;;;;;;;;;;;;;;;;;;;;
poesia_l'amore.wav;media;960.399;184.408;-0.269569;124.263;0.916825;254.405;-157.705;-0.94254;-130.916;735.025;-0.524308;-0.751565;35.371;131.724;363.179;227.761;112.583;-577.483;0.775283;308.428;-186.582;486.916;148.337;-374.834;0.43551;126.063;-221.633;-295.714;0.175737;159.198;743.964;-0.00181406;125.572;-26.951;223.016;114.896;986.177;-111.506;0.987029;547.261;-171.488;-770.635;-0.448707;-174.218;285.859;201.534;-473.193;128.358;229.787;134.841;517.184;-423.338;124.248;235.361;-226.122;121.565;191.391;-0.411066;-235.333;0.467392;0.225896;0.0971429;159.512;111.863;118.248;767.673;-125.288;712.354;334.353;-16.532;0.563855;173.986;-917.528;-499.061;134.655;-393.896;216.287;12.4;827.156;26.634;-147.624;0.286757;-0.285125;145.138;-339.859;659.819;305.069;-377.007;794.308;25.737;125.643;-119.388;252.522;35.937;204.748;-170.506;194.156;561.601;-0.547937;0.739274;488.005;-437.197;12.696;887.923;340.599;-402.005;-134.277;-0.299592;107.008;101.166;938.095;-100.612;0.213243;;;;;;;;;;;;;;;;;;;;;;;;;;;;;;;;;;;;;
poesia_l'amore.wav;picchi;12404;4476;1297;478;1945;26535;9927;9661;4229;20699;867;1680;6931;27497;13971;13432;14326;6721;522;19793;18448;10760;11847;4576;745;12634;16346;2531;2018;15954;22511;14618;11805;9666;7430;15626;8347;2614;782;24917;22146;19870;3178;11054;3969;5073;3482;5955;24062;15680;12684;11853;10296;13959;15772;15868;15668;9564;4583;2515;2553;2186;16478;12092;13057;11260;12987;16335;10639;8976;2571;2734;14476;10775;9592;5167;14690;14600;8005;5967;3555;7136;22339;18911;11270;13123;14817;9808;15965;16291;13024;8332;13405;11748;4137;16091;14655;5686;1813;2652;18131;17224;12151;10874;13244;10117;11378;17497;11068;8728;4712;1587;536;;;;;;;;;;;;;;;;;;;;;;;;;;;;;;;;;;;;;
poesia_l'amore.wav;energia;1,73E+16;1,91E+15;8,48E+13;8,57E+13;3,00E+13;6,68E+16;2,78E+16;1,17E+16;2,93E+14;2,06E+16;1,47E+14;2,39E+14;5,85E+14;5,50E+16;3,39E+16;2,72E+16;4,44E+16;5,62E+15;8,21E+13;1,62E+16;4,00E+16;2,47E+16;1,32E+16;2,29E+15;1,08E+14;4,18E+15;1,49E+16;9,28E+13;3,56E+14;7,51E+15;3,55E+16;3,04E+16;1,92E+16;1,60E+16;1,18E+16;2,27E+16;2,80E+15;1,17E+15;1,74E+14;1,21E+16;3,69E+16;2,12E+16;5,72E+13;6,70E+15;4,05E+15;7,68E+15;1,20E+15;1,02E+15;5,89E+16;3,37E+16;2,18E+16;2,11E+15;2,92E+16;1,07E+16;4,61E+16;4,65E+16;2,07E+16;9,05E+14;3,09E+15;9,14E+14;1,24E+14;4,42E+13;2,88E+16;3,94E+16;2,50E+16;2,55E+16;1,11E+16;2,09E+16;1,34E+16;6,52E+15;5,28E+14;1,43E+15;1,18E+16;2,80E+16;9,53E+15;1,56E+15;1,67E+16;3,50E+16;6,42E+15;5,83E+15;1,63E+15;5,84E+15;3,95E+16;5,45E+16;3,24E+15;3,18E+15;2,13E+16;1,88E+16;1,30E+16;1,82E+16;1,99E+16;8,08E+15;6,76E+15;1,41E+16;2,20E+15;1,76E+16;2,49E+16;3,53E+15;6,08E+13;1,07E+15;5,40E+15;3,01E+16;2,74E+16;2,76E+16;2,10E+16;1,50E+16;2,65E+16;3,61E+16;1,18E+16;8,19E+14;2,46E+15;3,40E+14;3,39E+13;;;;;;;;;;;;;;;;;;;;;;;;;;;;;;;;;;;;;
poesia_l'amore.wav;frequenzeH0;3113;169552;8027;10071;7020;5357;290478;12918;48439;4459;4973;8162;6296;17974;50313;59866;370694;153626;7103;8248;221415;22594;19929;7200;9699;10230;23470;31808;9922;25554;278891;16063;241850;137233;210698;2516;28426;12385;6653;17689;2736;12674;38854;9648;20010;104126;130115;15037;121371;38206;330013;215351;77967;299506;269879;125903;107306;7806;66325;14674;6604;4684;12395;424560;36705;28139;7873;111471;78056;252552;6775;3558;34119;9574;37386;131148;2416;4424;13112;34977;16975;3827;27706;12673;171950;34432;18865;265930;18645;10178;20397;139211;22109;185616;3073;48025;471677;23565;11925;3999;3249;652905;54275;26619;55649;72444;21975;119628;7990;68257;19904;19280;1114;;;;;;;;;;;;;;;;;;;;;;;;;;;;;;;;;;;;;
poesia_l'amore.wav;frequenzeH4;232.13;2232.71;601.179;686.256;141.425;569.1;30615.8;1578.6;172.702;8767.29;2569.68;100.312;2458.37;8641.79;7816.77;71011.5;23956.1;18826.7;883.921;309.984;21951.7;12797.6;2369.52;1321.88;1495.7;183.444;29563.5;2272.06;181.626;1442.89;41091.7;42301.4;17318.6;8310.94;14556.2;979.341;11774.3;12316.1;1204.32;908.913;1138.97;331.205;3133.04;232.346;4064.63;3209.94;1920.11;1540.77;5865.67;16751.4;7618.33;8645;567.621;13425.6;33727.2;13852.4;2983.81;6747.7;6697.08;342.046;358.097;3875.97;1886.79;8135.18;1652.78;2662.69;5620.95;10721.2;11675.9;5711.6;25772.2;2249.4;1260.65;1503.56;7800.85;10601.2;2868.45;5246.47;7545.27;6384.95;2195.76;4205.15;3729.27;16565.5;24232.9;49147.7;8838.56;33992.7;1355.51;598.507;23293.9;13629;3529.69;21060.2;5437.33;1037.77;28596.2;3795.16;2979.32;782.619;619.277;18421.9;534.007;9413.52;2928.56;23663.1;1163.09;6046.82;2119.18;8292.27;1363.21;1305.02;200.267;;;;;;;;;;;;;;;;;;;;;;;;;;;;;;;;;;;;;
poesia_l'amore.wav;frequenzeH6;147.749;614.586;131.118;644.796;106.309;164.223;20421.1;258.724;749.26;6488.27;1977.37;592.376;1223.02;8903.29;8445.19;21211.9;16245.1;9440.15;285.069;638.352;15827.6;9603.83;1450.77;915.597;982.394;322.658;24308.5;478.361;719.515;937.387;39694.8;6806.28;10239.6;6016.62;9134.66;750.293;9235.25;2453.69;615.423;539.799;213.411;319.336;1743.09;777.968;3047.73;2143.54;1229.99;1963.7;2729.17;20331.2;9141.57;4259.34;6329.83;8382.19;17668.9;10272.7;3726.7;24858.6;4444.11;210.948;301.787;2560.03;889.058;4810.41;1495.66;1139.01;2667.89;2426.98;8067.62;3740.24;9211.91;1761.29;860.228;1228.16;16617.1;9343.2;1415.99;2659.11;4793.72;1898.12;1933.57;2989.25;2728.81;9057.88;14291.2;16615.5;5992.73;20442.2;1073.75;550.138;18860;4613.99;1861.51;8925.74;2285.43;308.562;15345.3;8937.46;770.671;490.451;54.654;7451.72;3838.49;5201.63;2577.9;13395;773.98;4462.41;913.06;4381.65;1212.33;722.802;378.243;;;;;;;;;;;;;;;;;;;;;;;;;;;;;;;;;;;;;
poesia_l'amore.wav;posFreqFond;0;0;0;0;0;0;0;0;0;9;1;0;1;63;1;1;0;0;0;0;1;63;0;1;0;0;2;0;0;0;63;4;0;0;0;0;0;0;1;0;1;0;0;0;0;0;0;0;2;57;0;0;0;0;0;0;0;9;0;0;1;1;1;0;0;1;1;1;0;0;4;1;0;63;0;0;1;2;1;1;1;1;1;3;0;4;63;0;63;0;1;1;0;0;1;0;0;1;62;1;1;0;0;1;0;0;0;0;0;0;0;0;1;;;;;;;;;;;;;;;;;;;;;;;;;;;;;;;;;;;;;
poesia_l'amore.wav;pendenze;1475.78;165165;6402.45;7826.92;5994.89;3551.43;27200;6648.54;43668.6;20162.6;7611.69;1480.38;23512.7;70114.4;59431.7;181666;249852;73163.8;6575.81;7547.98;568458;50319.1;5670.89;7661.59;7173.55;8835.3;24333.1;31425.4;8670.22;5186.03;338644;34573;195846;62196.9;140517;971.626;18931.9;9604.44;11474.8;11167.1;1247.54;2855.81;29802.2;7943.91;1089.63;95557.2;107316;5076.95;130293;35785.8;269965;203275;54609.8;231616;143516;37367.7;93864;14478.8;29658.5;4802.7;20476.1;14466.4;9793.29;395851;7341.87;31989.7;28147;109928;55161.9;188614;11280.7;57397.6;10327;9505.87;21972.5;69529.9;14818.4;21849.7;21102.8;50367.3;94859.7;25208.3;37349.8;6280.28;36647.5;38684;62281.4;111789;18993.2;1522.4;112201;146625;4147.39;107287;57595.4;30441.4;292277;21415.8;11943.4;14469.6;5932.69;525123;51663.3;21700.1;17157.4;8348.77;17439.7;107995;900.515;50458.3;11597.9;13790.5;3364.7;;;;;;;;;;;;;;;;;;;;;;;;;;;;;;;;;;;;;
propositi_di_lettura_per_il_2015.wav;discretizzatore;-39016;35074;-42698;17458;-21341;3697;-23635;5994;-19611;6641;-24145;15306;-20242;-5570;-12182;-21285;-5858;-9660;-7826;-8306;23903;-22584;-9543;-2450;-5529;-6780;-24552;-12193;10863;-1009;-39380;18672;-9707;-10036;16324;-34121;3966;-29845;13764;8304;-42435;18026;-37323;6834;-2638;1183;-22214;30050;-44585;-11764;-48033;32424;9379;-24177;-8926;-9637;-9529;-7836;-38421;25401;-17565;-22872;23923;-30820;6305;-24937;140;-8167;4497;-43479;3622;1817;-19051;1955;-12147;11772;-20352;-5734;-10198;-31442;-7427;7298;-12437;20172;-32001;15310;-28382;-15876;2285;-17437;3482;-28775;19012;-18395;-10415;14982;-30412;-17595;12851;-24660;11018;-13833;-6720;-5795;-12822;-9615;-6576;-3388;-356;-6833;-2614;-21400;-4480;;;;;;;;;;;;;;;;;;;;;;;;;;;;;;;;;;;;;
propositi_di_lettura_per_il_2015.wav;media;-176.943;159.066;-193.642;0.791746;-0.967846;0.167664;-107.188;0.271837;-0.889388;0.301179;-109.501;0.69415;-0.918005;-0.252608;-0.552472;-0.965306;-0.265669;-0.438095;-0.354921;-0.376689;108.404;-102.422;-0.432789;-0.111111;-0.250748;-0.307483;-111.347;-0.552971;0.492653;-0.0457596;-178.594;0.846803;-0.440227;-0.455147;0.740317;-154.744;0.179864;-135.351;0.624218;0.376599;-192.449;0.817506;-169.265;0.309932;-0.119637;0.0536508;-100.744;136.281;-2.022;-0.533515;-217.837;147.048;0.425351;-109.646;-0.404807;-0.437052;-0.432154;-0.355374;-174.245;115.197;-0.796599;-103.728;108.494;-139.773;0.285941;-113.093;0.00634921;-0.370385;0.203946;-197.184;0.164263;0.0824036;-0.863991;0.0886621;-0.550884;0.533878;-0.922993;-0.260045;-0.462494;-142.594;-0.336825;0.330975;-0.564036;0.91483;-145.129;0.694331;-128.717;-0.72;0.103628;-0.790794;0.157914;-130.499;0.862222;-0.83424;-0.472336;0.679456;-137.923;-0.797959;0.582812;-111.837;0.499683;-0.627347;-0.304762;-0.262812;-0.581497;-0.436054;-0.298231;-0.153651;-0.0161451;-0.309887;-0.118549;-0.970522;-0.203175;;;;;;;;;;;;;;;;;;;;;;;;;;;;;;;;;;;;;
propositi_di_lettura_per_il_2015.wav;picchi;4674;5549;2631;3557;3518;1003;4586;4799;3550;2660;3911;4460;3781;5279;4145;1918;2536;3443;4905;2616;3443;2561;2842;2867;3402;695;4324;3219;2887;3852;3379;4140;106;1681;3818;3855;2089;3819;3593;3522;3744;4501;2690;4089;3441;4162;4530;2438;2249;3557;3272;2575;3467;1178;162;1802;2934;2505;3044;6518;4491;4261;5062;4128;5284;3721;7629;3520;4056;5368;8152;1597;4955;7236;3545;2370;2207;6303;481;4252;4636;4205;534;7320;6812;5742;3142;2646;4853;3018;3290;2632;3868;2446;7090;7023;4377;3996;3608;2742;2262;1898;2573;1529;1350;2670;696;4167;4560;3551;2927;2675;84;;;;;;;;;;;;;;;;;;;;;;;;;;;;;;;;;;;;;
propositi_di_lettura_per_il_2015.wav;energia;2,69E+15;3,32E+15;7,71E+14;2,14E+15;7,71E+14;1,90E+13;1,71E+15;4,96E+15;9,04E+14;1,46E+15;1,91E+13;2,59E+15;1,05E+15;2,99E+14;1,93E+15;7,47E+14;8,30E+14;1,07E+15;1,48E+15;9,93E+14;1,08E+14;6,26E+14;9,55E+14;6,52E+14;5,58E+14;3,77E+12;3,43E+15;1,93E+15;1,24E+15;2,75E+15;1,75E+15;1,16E+15;1,12E+12;4,96E+13;1,00E+15;2,84E+15;1,16E+15;1,62E+15;1,84E+15;1,59E+14;1,24E+15;1,44E+15;8,89E+14;1,98E+15;1,50E+14;2,46E+15;1,46E+15;7,24E+13;1,80E+14;1,93E+15;2,68E+15;9,22E+14;9,98E+12;3,39E+13;1,22E+12;1,50E+12;6,19E+14;3,36E+14;3,30E+14;6,44E+15;1,54E+15;1,87E+15;2,21E+15;2,33E+15;4,71E+15;2,00E+15;2,76E+15;8,33E+14;9,81E+14;3,39E+15;5,65E+15;4,75E+13;3,80E+15;4,65E+14;2,33E+15;1,10E+15;1,14E+15;3,80E+15;4,13E+12;2,02E+15;2,91E+15;2,95E+15;1,01E+13;4,57E+15;4,47E+15;2,03E+15;1,57E+15;8,84E+14;2,36E+15;1,30E+15;1,33E+15;6,55E+14;1,67E+15;8,41E+14;7,30E+15;2,00E+15;2,14E+15;3,33E+14;2,20E+15;1,34E+15;6,20E+14;7,72E+14;4,19E+14;3,91E+14;2,51E+14;7,43E+14;2,95E+13;2,07E+15;3,36E+15;1,29E+15;1,57E+14;6,02E+14;5,54E+11;;;;;;;;;;;;;;;;;;;;;;;;;;;;;;;;;;;;;
propositi_di_lettura_per_il_2015.wav;frequenzeH0;478;86964;22721;38962;12586;17807;352;27386;376;27165;3516;23010;30333;628;19437;2223;20215;9249;16413;8481;13766;20788;4477;5939;343;720;721;6494;12902;1478;21652;42696;48;247;119;56383;5556;21496;15375;4211;42467;15450;8152;31067;7519;1652;5583;2739;69327;652;1681;47412;1281;33640;866;923;578;535;576;36025;8326;3467;10198;16283;19698;7203;11764;191;285;32068;23535;21798;379;7274;28164;5155;39320;895;766;182;46982;20975;9014;134;12462;3697;52522;6339;86;18738;11695;16500;31071;5743;669;39110;13783;3815;5011;19480;19540;12879;18158;1943;2672;515;297;249;215;15984;4016;11172;881;;;;;;;;;;;;;;;;;;;;;;;;;;;;;;;;;;;;;
propositi_di_lettura_per_il_2015.wav;frequenzeH4;180.686;58114.1;1784.08;3954.43;5084.18;2542.63;484.316;7812.51;401.939;6318.98;7196.66;9375.4;2469.86;203.313;21799.8;173.941;3965.88;880.733;352.491;6091.19;2187.44;9290.35;319.259;513.455;423.196;637.8;1273.13;1168.07;19275.1;3417.82;2389.17;3811.48;163.104;267.775;287.379;2704.65;4777.31;5278.65;313.618;229.058;22650.1;4956.36;3626.5;7803.9;4468.5;532.044;2681.95;1493.04;3697.27;394.236;718.346;2911.16;3407.98;1079.67;248.001;163.327;117.021;6830.28;1109.75;1484.03;238.957;1558.21;12367.4;12734.5;4766.76;4501.32;7439.15;772.431;637.673;32105.6;2844.61;4124.51;978.777;2799.48;2869.16;12983.2;7398.21;238.494;156.985;356.179;9661.56;39141.1;927.409;261.593;33405.9;12097.5;5408.78;829.939;154.556;6519.8;16292.9;1955.9;1686.11;9203.19;2010.79;4210.66;14992.8;18573.8;4735.03;9610.29;765.545;8641.56;8586.21;343.265;757.816;1163.97;1130.8;642.276;2390.1;13111.4;9932.68;3752.65;155.56;;;;;;;;;;;;;;;;;;;;;;;;;;;;;;;;;;;;;
propositi_di_lettura_per_il_2015.wav;frequenzeH6;988.297;18341.3;799.933;1139.47;552.551;452.786;300.154;1659.86;245.837;2897.41;6273.97;5078.48;9309.11;274.941;7104.27;2489.01;2163.7;911.694;564.053;2062.54;2377.46;12109.6;311.597;208.29;135.651;569.814;761.244;12299;12961.9;8882.39;2650.81;2425.59;180.547;292.649;152.719;1023.82;3907.33;3382.44;1017.94;750.265;9478.95;2961.76;1653.85;3264.1;2205.07;546.536;908.761;151.286;3344.02;290.572;578.846;6824.74;7396.35;1021.61;386.183;116.506;987.393;3223.49;571.556;4544.76;2723.23;8476.97;2317.24;8558;1529.79;10445.3;5505.66;537.234;599.751;7059.06;944.429;1506.85;185.172;1705.38;5016.85;2090.08;3959.58;528.3;358.163;268.693;1597.61;3646.8;2991.72;168.06;23402.8;2466.81;3476.08;1595.16;417.021;10448.9;9264.18;236.843;1302.04;1356.47;988.667;1860.98;8777.31;10616;2084.65;2481.17;746.168;1498.45;6132.57;263.475;214.3;8433.22;2729.74;946.778;1905.62;4358.77;1462.89;4632.51;916.523;;;;;;;;;;;;;;;;;;;;;;;;;;;;;;;;;;;;;
propositi_di_lettura_per_il_2015.wav;posFreqFond;1;0;0;0;63;0;3;1;1;0;1;1;1;0;1;17;0;0;0;1;1;1;1;0;1;53;4;1;1;59;0;0;1;1;9;0;1;1;0;1;1;1;1;0;1;0;1;0;0;0;1;0;5;0;0;0;0;1;8;1;0;9;1;1;0;63;1;9;4;1;1;0;0;1;1;1;1;20;1;2;0;4;1;63;1;63;0;1;1;63;1;63;0;3;4;2;1;2;2;63;0;2;1;0;2;6;1;9;1;1;4;1;0;;;;;;;;;;;;;;;;;;;;;;;;;;;;;;;;;;;;;
propositi_di_lettura_per_il_2015.wav;pendenze;367.758;11532.3;9423.06;17863.8;12948.1;1292.55;564.799;38457.9;1062.23;12618.2;38833.9;10692.5;21595.5;174.881;75669.1;2659.19;14660.5;1589.4;11291.7;15741.6;12676.3;47904.8;3123.37;3310.05;764.081;993.636;1045.37;25589.2;18173.6;20776.8;2077.56;20694.5;448.474;204.466;246.122;36484.2;22124.2;18722.1;9597.98;14270.9;68161.6;17950.9;17526.6;9634.6;32630.1;501.368;22532.4;897.177;23329.6;809.905;7276.85;8072.85;7394.23;21298.4;587.039;745.955;303.653;32171.2;1951.76;11582;5023.1;7753.81;25416.6;12617.2;10060.1;33630.9;40809.7;1018.51;473.087;17305;24645;9500.75;294.424;16156.6;19017.8;12542.4;27394.9;1945.31;373.835;170.544;30236.8;32931.6;8876.17;348.233;67850.4;46554.9;26716.1;3091.81;2512.66;12715.9;21905.2;14518.3;6920.47;5589.07;1351.77;93592.5;32004.3;23325.6;3839.41;23569.5;11304.4;5599.79;14813.9;1523.04;1352.94;5310.83;2501.37;331.896;17158.1;1107.48;7688.23;8616.38;472.728;;;;;;;;;;;;;;;;;;;;;;;;;;;;;;;;;;;;;
intervista_a_emma_marrone.wav;discretizzatore;-6715;92839;-66286;-51872;1007;-36201;-73828;-33832;-28035;-73054;-8324;-100767;-48842;-21630;9647;-23589;-69104;82205;-184366;12359;-60663;38617;44075;-55192;2685;-8655;-68769;-7748;-4128;-4673;-93032;-77357;-11951;22601;-21646;7182;32815;-70789;26892;83439;-50908;29137;-75500;-141526;33852;-43593;-26184;-71662;105911;-145702;-90243;-76898;-7523;-51098;-9407;-82809;37913;-55386;-48650;-38294;12001;13759;-9054;-30145;-173261;100567;25763;-147558;22732;-130618;-70872;9619;41467;-28687;-124640;-86019;50140;22998;-67620;46325;-239476;2850;-128935;-55165;-55056;-149615;-62051;-52019;-137980;-12743;-18151;-101996;-44361;-31981;23820;25919;-50786;-140881;24338;-60736;4203;-7747;-15167;119372;26876;-187198;112219;-11266;48729;-64223;-26484;-34843;58642;-89952;1503;-159072;-51806;-29573;;;;;;;;;;;;;;;;;;;;;;;;;;;;;;;;
intervista_a_emma_marrone.wav;media;-0.304535;421.039;-300.617;-235.247;0.0456689;-164.177;-334.821;-153.433;-127.143;-331.311;-0.377506;-456.993;-221.506;-0.980952;0.437506;-10.698;-313.397;372.812;-836.127;0.560499;-275.116;175.134;199.887;-250.304;0.121769;-0.392517;-311.878;-0.351383;-0.187211;-0.211927;-421.914;-350.825;-0.541995;102.499;-0.981678;0.325714;148.821;-321.039;121.959;378.408;-230.875;132.141;-342.404;-641.841;153.524;-197.701;-118.748;-324.998;480.322;-66.078;-409.265;-348.744;-0.341179;-231.737;-0.426621;-375.551;171.941;-251.184;-220.635;-173.669;0.544263;0.623991;-0.410612;-136.712;-785.764;456.086;116.839;-669.197;103.093;-592.372;-321.415;0.436236;188.059;-1.301;-565.261;-390.109;227.392;104.299;-306.667;210.091;-108.606;0.129252;-584.739;-250.181;-249.687;-678.526;-28.141;-235.914;-62.576;-0.577914;-0.823175;-462.567;-201.184;-145.039;108.027;117.546;-230.322;-638.916;110.376;-275.447;0.190612;-0.351338;-0.687846;54.137;121.887;-848.971;50.893;-0.51093;220.993;-291.261;-120.109;-158.018;26.595;-407.946;0.0681633;-721.415;-234.948;-134.118;;;;;;;;;;;;;;;;;;;;;;;;;;;;;;;;
intervista_a_emma_marrone.wav;picchi;5881;6865;5389;5082;5042;7005;6862;1739;463;5526;6772;2267;4879;3268;6415;5024;4161;5736;4294;5544;3596;12176;6086;7898;4824;6256;1438;5177;3724;1729;3107;8895;2677;6750;1750;4591;3037;5133;8218;4876;4926;5451;6182;6501;4185;8455;6639;10126;13206;12706;6323;9989;6966;5599;6321;9276;13940;7140;5243;5167;4540;2589;12295;11500;5300;6112;12333;7588;9900;3235;4023;4994;5111;4803;5709;2362;8490;5355;6666;7598;8412;4976;8545;2513;6578;6127;3479;1503;9666;3068;657;3495;6078;9850;5048;10317;4295;12234;9810;9544;8183;7084;2917;6281;4599;12528;4779;4161;5457;4704;8354;11220;12323;13052;13578;6754;4507;1269;;;;;;;;;;;;;;;;;;;;;;;;;;;;;;;;
intervista_a_emma_marrone.wav;energia;4,93E+15;3,25E+15;3,51E+15;2,38E+15;1,69E+14;3,31E+15;4,81E+14;5,39E+14;3,19E+13;2,38E+15;4,86E+15;5,25E+13;1,01E+15;6,43E+14;2,39E+15;7,41E+15;2,40E+15;6,90E+15;2,60E+15;4,71E+14;1,60E+13;1,11E+16;4,29E+15;7,31E+15;2,18E+15;1,36E+15;9,75E+13;1,63E+15;2,37E+15;5,27E+13;1,58E+15;7,84E+15;1,55E+15;3,57E+15;1,79E+14;2,47E+15;4,06E+14;4,89E+14;5,40E+15;2,92E+15;6,20E+15;3,02E+15;3,70E+15;4,20E+15;9,74E+14;9,23E+15;3,67E+15;3,30E+15;1,60E+16;1,18E+16;7,70E+15;5,88E+15;1,10E+16;4,63E+15;4,01E+15;1,87E+15;2,40E+16;3,31E+15;2,92E+15;2,05E+15;1,40E+15;1,06E+15;5,90E+15;1,52E+16;4,04E+15;7,63E+15;5,48E+15;6,65E+15;6,03E+15;2,76E+15;1,71E+15;7,95E+15;4,49E+15;4,28E+15;5,39E+15;1,36E+15;6,39E+15;2,90E+15;3,67E+15;5,00E+15;8,65E+15;2,63E+15;8,75E+15;8,75E+14;2,48E+15;7,60E+15;2,17E+15;1,82E+14;7,12E+15;7,18E+14;2,75E+13;1,69E+15;4,06E+15;5,63E+15;3,01E+15;8,25E+14;2,24E+15;1,35E+16;1,26E+16;1,03E+16;9,59E+15;5,65E+15;3,12E+15;5,95E+15;5,79E+14;9,50E+15;3,03E+15;1,34E+15;2,99E+15;7,49E+14;3,32E+15;1,68E+16;1,74E+16;5,12E+14;8,92E+14;8,40E+15;3,04E+15;2,31E+14;;;;;;;;;;;;;;;;;;;;;;;;;;;;;;;;
intervista_a_emma_marrone.wav;frequenzeH0;29551;76236;62470;18225;10785;11896;3327;54;5453;337;16174;9018;1351;23040;760;7845;37472;14126;54654;128128;3659;854;1216;15887;21089;1159;32025;1415;4292;27354;19995;15168;5120;5638;37466;183;22839;25184;9312;69104;29292;42264;30901;186233;19;8;929;5059;36977;62328;60445;31469;50498;2614;993;8424;15099;24669;2983;16535;4772;977;698;1557;7009;135286;1215;119660;11522;417;6805;15874;24876;54651;1751;33078;22406;4997;6223;33057;39318;58193;1901;804;3792;1046;1589;11876;2599;6713;727;19534;26164;2024;11034;29634;66314;1692;56990;4967;45461;33001;23649;16368;891;25631;57488;986;56721;1800;623;5857;24876;85083;203516;9615;38444;30578;;;;;;;;;;;;;;;;;;;;;;;;;;;;;;;;
intervista_a_emma_marrone.wav;frequenzeH4;2204.68;2759.15;7519.68;2960.77;1134.08;1954.74;1129.09;748.16;1041.55;121.07;17457.7;5780.99;275.474;2590.7;173.106;388.65;11801.6;5123.45;5802.2;12085.2;10240;326.359;2064.7;7568.65;3926.77;227.7;1343.1;294.348;664.767;491.64;684.232;145.904;2622.4;457.59;1073.34;633.843;1634.19;1859.32;2890.32;4018.05;9646.22;2135.18;3090.44;22998.1;12273.6;257.84;5257.55;5337.18;3445.97;8374.57;3594.44;6944.83;10089.2;1677.71;139.504;524.608;584.761;2177.77;6569.29;2997.57;210.796;275.891;228.697;404.439;812.658;23852;936.634;27907.5;635.147;908.612;5369.29;15803.4;10513.8;14961.2;132.834;3530.98;2872.26;8230.29;2878.12;1458.18;18987.5;7305.9;785.211;249.514;471.925;5095.77;1510.72;5993.58;719.883;4483.88;103.244;582.81;3192.4;1544.27;2384.93;13768.7;2391.79;947.568;3041.71;14067;11423.7;10681.1;5139.37;905.634;844.323;1355.29;4157.6;921.688;16863;438.478;224.675;1263.63;2499.34;4823.61;3914.44;1496.58;8244.48;1486.56;;;;;;;;;;;;;;;;;;;;;;;;;;;;;;;;
intervista_a_emma_marrone.wav;frequenzeH6;1721.21;783.257;3890.24;2317.66;597.443;386.17;406.898;1011.94;714.27;177.321;551.294;4011.47;154.135;1571.57;108.068;201.789;2507.48;4528.74;1323.41;8965.76;6927.29;130.938;1266.22;2386.37;3294.75;269.196;813.637;706.039;493.604;416.277;424.561;356.488;1526.97;2838.1;661.818;274.309;720.774;2004.69;636.291;1783.65;7214.94;1240.13;2024.25;13865.3;4160.16;113.92;2588.56;2827.72;4540.39;5194.64;930.202;3696.68;6602.05;3679.12;247.471;212.099;397.487;2013.08;4010.56;2831.81;140.504;319.878;261.49;147.548;462.473;4297.46;1141.53;14381.4;1065.68;1894.02;3264.86;10049.4;6724.77;1689.59;598.218;2682.26;2140.93;3313.22;1325.39;2087.53;7377.97;3145.82;459.202;127.788;1107.07;6002.44;4398.59;2830.41;337.568;2409.75;314.771;259.384;3023.62;628.485;426.512;8847.66;1388.8;316.095;3544.92;8974.3;10191.5;5741.84;2746.23;845.153;1351.93;1075.17;3090.65;721.046;10791.7;426.07;711.866;2226.99;2781.14;2592.34;1932.55;689.362;5026.58;1112.53;;;;;;;;;;;;;;;;;;;;;;;;;;;;;;;;
intervista_a_emma_marrone.wav;posFreqFond;0;0;0;1;0;1;1;17;1;2;63;1;0;1;1;0;63;1;0;0;1;63;12;63;63;0;0;1;1;0;0;0;1;12;0;1;0;0;1;0;1;0;0;0;63;2;1;1;1;0;0;0;0;63;63;0;0;0;63;1;0;1;63;0;0;0;14;1;1;63;1;63;1;0;1;0;0;13;1;0;1;1;1;1;63;1;1;1;0;1;1;0;1;63;1;1;0;1;0;1;63;1;0;0;11;0;0;0;1;1;1;1;2;1;63;1;1;0;;;;;;;;;;;;;;;;;;;;;;;;;;;;;;;;
intervista_a_emma_marrone.wav;pendenze;21340.1;17356;10393.4;23442.3;8273.64;18795.8;3050.97;3853.63;3973.08;238.739;33239.8;32467.8;788.637;34643.3;674.857;3391.59;22486.3;28697.2;40311.5;46281.9;55409;481.263;8174.1;15493.7;46911;110.311;24632.1;1311.23;4086.67;12488.7;14860.2;13266.5;16047.9;4694.79;31288.9;2226.27;19756.5;14970.9;18911.5;53804.1;64821.8;21968;24649.7;85592.5;55857.9;435.782;22196.1;12868;62230.3;23614.7;22698;19224.7;19426.7;9304.77;2460.29;1308.39;7977.57;9194.4;16888.9;47079.8;3993.49;4252.95;567.16;1429.08;3621.51;126005;1045.64;85331.8;27987.2;3135.21;18582.4;43530.7;35578.5;21706.2;1606.67;16179.2;308.175;9085.4;4562.01;15168.6;138311;44937.2;2180.02;7063.93;2417.3;55427.9;3434.87;7318.81;1630.05;42347.8;1409.9;11919.9;20323.4;1451.14;6910.66;32371.1;33718.5;4207.1;37788.6;83161.2;103920;31504.2;1032.15;8566.67;9808.12;12462.5;21617.8;148.526;44787.8;1216.25;914.343;14089.7;156938;84553.5;294709;35298.7;89623;6588.8;;;;;;;;;;;;;;;;;;;;;;;;;;;;;;;;
test_di_lettura_francesco_torralba.wav;discretizzatore;44503;-17774;-147965;-10845;137596;-20723;2053;84604;-162425;70857;-1993;-4469;12911;-5201;-77912;-50617;101349;124450;-22679;-122759;24956;-156802;45427;37387;162173;39868;-139797;7656;160933;-191865;89259;-66436;133619;-108938;39120;164167;-154966;-72268;84309;-17174;45337;55045;-94343;41834;48404;-84504;215810;-175508;-106698;60750;17239;125859;-88547;-32778;-30905;20049;122400;-118489;185727;-148357;-37282;-64903;55239;-15999;124038;-240880;250935;-89697;-29444;-171956;183430;-14110;76170;-99620;1211;-72274;84361;-21676;23189;66385;-107646;-28314;175971;-179237;215066;-212793;-86487;107600;-92455;78685;-446;-5104;-73436;94279;-109782;94303;31333;191301;-206485;-19955;31970;-7640;-1277;19122;-5557;28927;-24411;19228;5210;-57510;54787;145950;-18400;-75135;-740;-95633;14363;-656;1260;;;;;;;;;;;;;;;;;;;;;;;;;;;;;;;
test_di_lettura_francesco_torralba.wav;media;201.828;-0.806077;-671.043;-0.491837;624.018;-0.939819;0.0931066;383.692;-736.621;321.347;-0.0903855;-0.202676;0.585533;-0.235873;-353.342;-229.556;459.633;564.399;-102.853;-55.673;113.179;-71.112;206.018;169.556;735.478;180.807;-6.34;0.347211;729.855;-870.136;404.803;-301.297;605.982;-49.405;177.415;744.522;-702.794;-327.746;382.354;-0.778866;20.561;249.637;-427.859;189.723;219.519;-383.238;97.873;-795.955;-483.891;27.551;0.781814;570.789;-401.574;-148.653;-140.159;0.909252;555.102;-537.365;842.299;-672.821;-169.079;-294.345;250.517;-0.725578;562.531;-109.243;113.803;-406.789;-133.533;-779.846;831.882;-0.639909;345.442;-451.791;0.0549206;-327.773;38.259;-0.983039;105.166;301.066;-48.819;-128.408;798.054;-812.866;975.356;-965.048;-392.231;487.982;-419.297;356.848;-0.0202268;-0.231474;-333.043;427.569;-497.878;427.678;1.421;867.578;-93.644;-0.904989;144.989;-0.346485;-0.0579138;0.867211;-0.252018;131.188;-110.707;0.872018;0.236281;-260.816;248.467;661.905;-0.834467;-340.748;-0.0335601;-43.371;0.651383;-0.0297506;0.0571429;;;;;;;;;;;;;;;;;;;;;;;;;;;;;;;
test_di_lettura_francesco_torralba.wav;picchi;15310;15543;8108;10914;9251;9275;12352;13606;10955;10609;4761;938;19804;9028;8877;9753;11924;13364;11325;9352;4759;24084;17041;14489;16653;12427;11731;11226;11137;8749;12081;10132;9766;8187;7647;8845;8129;10610;9364;8150;2782;9670;7745;6578;11755;18551;9908;6631;9733;10649;8881;11525;9200;3228;16701;12068;10435;9658;10102;9028;13239;15815;12413;12212;14482;12869;10031;8602;8491;12565;8882;7896;9125;9743;7522;10199;18856;12824;13847;11197;9141;6173;8655;8896;12656;9455;10683;9403;9425;5713;1961;14969;13379;7334;12082;8036;18082;12097;8490;8811;6877;6012;18956;8029;6009;11108;12389;12001;6982;12635;10540;7981;9599;14058;13508;7434;6021;6219;30;;;;;;;;;;;;;;;;;;;;;;;;;;;;;;;
test_di_lettura_francesco_torralba.wav;energia;2,01E+16;3,22E+16;1,77E+16;2,74E+16;1,71E+16;1,49E+16;1,45E+16;3,07E+16;1,97E+16;1,53E+16;3,78E+15;5,73E+13;4,76E+15;1,90E+16;2,04E+16;3,45E+15;1,71E+16;3,51E+16;2,01E+16;1,37E+16;2,08E+15;1,23E+16;3,60E+16;1,75E+16;3,43E+16;2,48E+16;2,39E+15;2,31E+16;1,51E+16;6,54E+15;1,95E+16;9,82E+15;1,22E+16;2,03E+16;1,01E+16;1,55E+16;9,62E+15;1,50E+16;1,38E+16;1,22E+16;8,26E+14;1,90E+16;1,05E+16;2,35E+15;8,34E+15;5,11E+16;2,74E+16;8,85E+14;1,33E+16;1,47E+16;1,46E+16;1,74E+16;1,95E+16;8,44E+14;4,33E+16;1,91E+16;1,92E+16;1,10E+16;2,48E+16;1,65E+16;1,88E+16;2,92E+16;2,35E+16;2,70E+16;3,83E+16;3,70E+16;1,45E+16;1,44E+16;1,18E+16;2,03E+15;1,97E+16;1,11E+15;1,03E+16;1,50E+16;4,76E+15;8,63E+14;4,98E+16;3,34E+16;3,18E+16;2,39E+15;2,02E+16;1,41E+16;6,83E+15;1,45E+16;3,27E+16;1,71E+16;2,56E+16;1,08E+16;1,20E+16;6,50E+15;6,64E+13;3,20E+16;2,86E+16;1,48E+16;1,58E+16;9,05E+15;3,82E+16;4,05E+16;1,00E+16;1,41E+16;6,90E+15;1,47E+15;1,65E+16;1,47E+14;3,33E+14;1,72E+15;1,94E+16;1,52E+16;4,00E+15;1,61E+16;1,97E+16;1,65E+16;1,13E+16;1,72E+16;1,59E+16;7,82E+15;5,98E+15;2,71E+15;182066;;;;;;;;;;;;;;;;;;;;;;;;;;;;;;;
test_di_lettura_francesco_torralba.wav;frequenzeH0;1295;93405;82668;9562;52405;34416;1240;814;119143;213684;87195;893;448;63653;12820;171548;108919;87907;59261;119786;23298;303;97289;239137;75777;149337;89283;217806;15280;146085;167382;1443;62547;11321;79986;12792;252279;5937;223166;32120;119100;28;21764;16558;5;83933;81126;205728;2893;161618;16332;30616;197196;56835;512;6511;264;199351;653;264544;48;42478;5413;28211;4903;20578;297104;130692;139779;5386;110897;105357;9807;126619;1907;788;5646;5457;159572;20482;198428;63582;33501;201906;150464;224041;2129;78371;12157;70737;1608;426;10989;44770;40871;202946;2762;176429;348697;1454;29871;25197;336;36814;43479;2703;144;24449;51896;217;212530;21936;236133;181080;44453;137270;45618;65416;1209;;;;;;;;;;;;;;;;;;;;;;;;;;;;;;;
test_di_lettura_francesco_torralba.wav;frequenzeH4;311.395;50093.4;54959.5;27581.2;18675.3;4069.03;7246.89;8150.94;15401.3;21333.5;7076.64;43.782;168.602;23997.4;530.044;6680.2;7214.49;10431;28159.5;4117.83;931.989;356.833;67668.5;8341.18;4603.55;30920.3;8377.71;24807.3;4042.99;4666.94;28025.4;2068.38;6940.34;31094.2;8554.28;1879.66;5692.7;1145.79;41110.2;2522.01;2646.42;299.044;34715.8;4445.43;475.013;43174.1;6365.51;41300.3;105.494;15024.6;917.251;1685.19;10889.5;3564.9;33.057;5495.93;2530.98;39927.1;2037.71;9620.28;6812.26;32911.6;3350.31;7117.27;2020.25;29690.9;24555.5;14216.4;17810.3;3783.26;12165.5;19017.6;2774.82;2397.73;3170.79;27.708;14899.8;502.983;16318.9;43057.6;28001.7;947.684;5064.12;34997.1;1731.01;11869;139.003;4803.05;380.046;10674.5;369.826;3245.86;21671.4;6785.56;3187.69;4088.18;2831.85;23338.9;5559.83;165.593;11488.4;3866.46;105.852;5952.75;432.18;1477.71;216.039;7058.87;6417.26;355.183;30009;4813.88;20593.9;39642;16206.8;14396.8;4829.05;14823.8;170.892;;;;;;;;;;;;;;;;;;;;;;;;;;;;;;;
test_di_lettura_francesco_torralba.wav;frequenzeH6;28.426;10756.7;17823;18863.2;12458.6;9640.55;7564.46;4622.5;7842.54;8716.83;5439.53;481.015;840.217;9322.1;270.934;4768.89;4121.65;27606.4;22944.1;2931.08;327.169;327.828;51554.4;3022.45;1543.7;20820.5;3157.57;9244.37;2663.14;399.164;21721.8;4200.62;3394.98;18453.7;6294.85;1097.13;9041.77;1292.06;15315.7;1598.8;1815.69;349.203;5332.16;2013.18;768.187;28717.8;10176.5;6006.9;510.897;10738.2;665.008;1989.77;12363.5;1636.38;618.045;2969.06;810.021;23256.7;4271.4;2871.09;9059.42;13347.5;2702.12;5200.81;974.725;20830.7;16813.2;9770.3;9584.61;1355.5;8479.93;17032.8;7069.85;3107.12;2458.65;12.073;29715.4;234.938;10174.3;7799.55;13703;2830.82;2618.18;14603.6;3413.49;30006.9;182.12;3429.23;326.156;7428.77;629.993;6557.76;18471.1;2087.52;2128.06;4626.56;1962.87;9300.45;3833.67;113.311;11798.5;4952.19;227.675;5120.88;195.005;899.21;3002.44;882.593;4008.52;534.683;29948.4;8790.86;20853.1;10201.1;10518.8;7699.02;2987.93;7427.8;234.908;;;;;;;;;;;;;;;;;;;;;;;;;;;;;;;
test_di_lettura_francesco_torralba.wav;posFreqFond;0;63;0;61;1;0;11;4;0;0;0;0;0;0;0;0;0;1;63;0;1;0;63;0;0;1;0;0;1;0;1;12;0;63;0;0;0;14;0;0;0;7;1;0;6;1;0;0;0;0;0;0;0;0;0;1;12;63;51;0;58;1;1;0;1;1;0;1;0;0;0;0;0;0;13;0;1;0;0;1;0;0;63;0;0;0;1;63;0;0;0;6;8;63;0;0;3;0;0;0;1;0;0;1;0;15;5;0;0;0;0;0;0;0;1;0;0;0;0;;;;;;;;;;;;;;;;;;;;;;;;;;;;;;;
test_di_lettura_francesco_torralba.wav;pendenze;1088.56;218022;23668.7;24087.4;42846.4;26427.5;109497;6397.89;30162.7;95736.1;60411;741.414;138.102;970.673;7926.53;134607;56474.1;106493;86174.2;96976.7;20896.6;182.768;406412;215461;57845.8;128563;61274.5;36522.8;10030.3;125396;104343;32653.9;48177.8;86339.3;41423.6;2489.11;124831;34433.3;503.565;1795.69;106742;518.046;153894;6093.75;626.634;234783;75519.7;70208.4;2646.45;77717.7;7141.58;22833.6;115665;40810.2;413.985;14304.5;24830.9;118021;25625;219402;6199.14;80512.7;18802.4;808.981;7303.56;119705;110065;99499;19303.6;1796.4;54091.2;18338.4;2737.7;68338.3;34334.4;678.246;97944.9;1006.68;87523.5;140303;47323.5;57853.5;47224.2;7521.36;127643;26828.6;2142.4;66421.4;6611.62;37667.1;955.702;5429.96;74006.4;38563.2;24349.5;172846;2280.57;86154.7;300372;803.023;79050;18166.6;287.832;94409.4;40250.3;2931.54;2950.27;4691.8;28560;878.604;105479;14608.5;42214.6;46653.1;40929.6;52503.1;32382;40661.7;1151.47;;;;;;;;;;;;;;;;;;;;;;;;;;;;;;;
spalletti_dopo_bologna_roma.wav;discretizzatore;-53947;24552;-24619;6130;29137;21929;-53954;-34205;18548;28945;-36267;-53045;-46381;49503;13683;3475;-46110;19148;3849;-32603;-1143;67719;32300;4097;35897;-3742;-53374;48072;-25348;5494;-12553;90425;16360;-18257;-105761;57464;56686;-5886;-2640;-1544;-4906;-2330;31735;15216;-71414;44492;5145;12464;34033;-28865;29054;-28983;-19644;84446;-66425;-28843;45525;-193;-18921;34271;-53753;66099;87045;-121216;151268;-110241;3181;2729;29965;37167;-34315;2382;138298;-92184;-671;19200;8553;-16706;3743;-21504;40824;-25665;18177;61364;-56240;5524;3352;-21715;56753;67793;-72155;-85381;53453;-9994;176825;-3789;-36302;4917;-1690;110040;-151769;-2979;73810;-40430;-12297;59122;-46894;-21638;260970;-193603;27757;165217;-220701;-2603;-5332;64818;-130029;31360;-8651;;;;;;;;;;;;;;;;;;;;;;;;;;;;;;;
spalletti_dopo_bologna_roma.wav;media;-244.658;111.347;-111.651;0.278005;132.141;0.994512;-244.689;-155.125;0.841179;13.127;-164.476;-240.567;-210.345;224.503;0.620544;0.157596;-209.116;0.86839;0.174558;-147.859;-0.0518367;307.116;146.485;0.185805;162.798;-0.169705;-242.059;218.014;-114.957;0.249161;-0.569297;410.091;0.74195;-0.827982;-479.642;260.608;257.079;-0.266939;-0.119728;-0.0700227;-0.222494;-0.105669;143.923;0.690068;-323.873;201.778;0.233333;0.565261;154.345;-130.907;131.764;-131.442;-0.890884;382.975;-301.247;-130.807;206.463;-0.00875283;-0.858095;155.424;-243.778;299.769;394.762;-549.732;686.023;-499.959;0.144263;0.123764;135.896;168.558;-155.624;0.108027;627.202;-418.068;-0.0304308;0.870748;0.387891;-0.757642;0.169751;-0.975238;185.143;-116.395;0.824354;278.295;-255.057;0.250522;0.152018;-0.984807;257.383;307.451;-327.234;-387.215;242.417;-0.453243;801.927;-0.171837;-164.635;0.222993;-0.076644;499.048;-688.295;-0.135102;334.739;-183.356;-0.557687;268.127;-212.671;-0.981315;118.354;-878.018;125.882;749.283;-100.091;-0.11805;-0.241814;293.959;-589.701;142.222;-0.392336;;;;;;;;;;;;;;;;;;;;;;;;;;;;;;;
spalletti_dopo_bologna_roma.wav;picchi;13200;7282;10019;11349;10738;9533;9858;7246;9706;10006;7001;6862;9718;11964;5630;10350;8006;7514;7844;7039;5204;8523;10425;7407;9238;2863;12751;9701;9070;11732;11814;25881;30849;11811;18408;12693;12561;5435;3630;9286;6569;8196;8319;5261;8459;7634;7896;4767;3310;2399;4960;6621;4139;6048;2969;5350;9290;1648;4646;6432;9214;10578;4373;13265;10162;6083;610;2833;14379;13489;10748;9246;7092;5729;10186;7582;5888;5817;445;4001;6520;5608;6541;5624;4855;6732;3284;1665;5958;9298;5735;3856;4226;9760;8135;7061;10161;4001;3099;10568;8347;7150;11122;6154;7347;7656;12667;8927;13090;10240;9735;8086;10297;9408;6276;5529;3105;6581;228;;;;;;;;;;;;;;;;;;;;;;;;;;;;;;;
spalletti_dopo_bologna_roma.wav;energia;5,05E+15;6,34E+15;4,59E+14;4,57E+15;4,92E+14;3,28E+15;4,88E+15;2,19E+15;1,09E+15;5,91E+15;1,69E+15;2,46E+15;4,25E+15;7,44E+15;2,30E+15;4,72E+15;4,81E+15;1,97E+15;2,97E+15;4,09E+15;2,18E+15;2,69E+15;7,18E+14;3,12E+14;3,37E+14;2,34E+14;5,86E+14;3,95E+15;3,59E+15;6,38E+15;5,34E+15;1,15E+16;3,71E+16;3,97E+14;2,10E+16;5,24E+15;6,38E+15;3,71E+14;6,45E+12;6,03E+15;2,93E+15;3,71E+15;3,52E+15;1,17E+15;1,70E+15;1,16E+15;4,04E+14;1,12E+15;1,04E+15;2,71E+14;2,41E+15;4,13E+15;5,40E+14;1,87E+14;4,22E+14;1,94E+15;1,82E+15;1,26E+13;1,81E+15;2,37E+15;2,40E+15;4,73E+15;4,06E+14;1,17E+16;4,09E+15;3,35E+15;1,91E+13;2,02E+14;9,23E+14;1,05E+16;3,78E+15;3,97E+15;2,63E+15;2,37E+15;7,59E+15;1,57E+15;5,54E+13;2,67E+15;1,58E+13;5,69E+14;5,09E+14;1,79E+15;2,57E+15;2,93E+15;3,98E+15;2,69E+15;1,47E+14;1,28E+14;1,42E+15;4,27E+15;1,07E+14;1,36E+14;6,83E+14;1,28E+14;4,64E+15;3,20E+15;5,47E+15;5,40E+14;1,94E+14;6,04E+15;4,80E+15;2,77E+13;1,11E+16;4,10E+15;2,01E+15;3,76E+15;6,50E+14;5,49E+14;9,35E+15;1,40E+16;1,73E+15;2,32E+15;1,07E+16;4,01E+15;1,83E+15;1,99E+15;1,70E+15;1,93E+15;1,23E+12;;;;;;;;;;;;;;;;;;;;;;;;;;;;;;;
spalletti_dopo_bologna_roma.wav;frequenzeH0;223;1035;36613;22441;6953;26791;53791;24538;31557;1948;98704;95650;11867;26072;527;13621;19054;19744;1905;33946;14273;17341;27562;58382;48413;40038;157;1499;26345;71906;12620;97161;121596;27791;18328;75445;24869;7598;199;2365;22791;26266;1774;7178;21886;43119;1838;18741;28736;43779;13550;13930;1282;13539;51007;1094;6086;33;1362;7600;35644;158066;16296;112912;12769;156086;1222;58;23301;7035;53862;3579;4850;95153;3351;83284;1652;2044;577;1486;2624;29108;1707;15034;82577;23606;11834;17161;2696;50581;5501;1035;64729;7437;63227;35552;58209;48048;4706;2596;59879;47495;25775;61671;1041;126266;69879;9479;1220;47342;27786;2704;326677;2667;14672;0;86028;101941;1883;;;;;;;;;;;;;;;;;;;;;;;;;;;;;;;
spalletti_dopo_bologna_roma.wav;frequenzeH4;951.728;1204.57;1390.34;7771.4;5884.67;1843.01;626.604;4035.34;669.436;117.684;7265.15;15921.7;1221.79;5160.07;11170.7;1654.69;80846;2738.48;2100.59;2071.14;2822.82;3628.59;45910.2;1048.32;8799.57;1363.09;521.443;4165.32;3178.02;2115.94;2607.26;17157;20583.3;4790.31;5331.32;4828;5291.22;1564.12;580.402;6108.3;4396.21;7108.95;2169.28;2048.56;2696.22;10169.6;2566.35;663.76;1240.8;1214.62;1272.6;16704.8;775.42;1172.05;4867.65;1469.03;4686.47;143.557;1134.66;5275.03;5945.32;19970.7;846.095;5718.14;4645.38;7142.54;195.599;676.6;27546.4;2759.85;10951.5;898.365;3189.27;1028.53;5918.34;7141.49;495.528;863.268;1523.69;1300.01;1880.68;7541.82;6341.6;3408.24;12296.2;5893.09;2106.89;12360.2;521.205;3929.21;6722.45;700.207;2675.71;2354.7;3700.84;10502.4;2063.04;4054.85;368.118;336.152;28318.7;12596.4;3115.24;6832.02;10596.7;2199.95;10832.2;759.295;619.039;29181.1;9072.68;144.769;6569.33;2928;2694.85;3592.02;4577.89;23625.8;1324.25;;;;;;;;;;;;;;;;;;;;;;;;;;;;;;;
spalletti_dopo_bologna_roma.wav;frequenzeH6;1145.57;4371.55;1159.07;5352.45;8710.5;1513.08;14937.6;2654.06;1594.13;2385.73;2592.13;9507.8;1252.1;3117.44;18501.2;1341.93;28934.9;3006.05;822.9;2921.44;6973.41;2295.18;17756.2;6331.66;16009;2539.96;552.745;2452.41;8864.26;2402.81;1877.44;14231.7;104747;2401.68;6789.89;8251.37;3384.32;3924.75;989.985;3559.54;3769.72;4771.72;4893.89;5703.85;12170.1;12897.5;1089.32;1239.58;2499.85;5481.64;2319.18;13123.4;584.569;20641.1;7063.29;1602.59;5679.84;586.656;956.678;7989.21;5430.94;23657.3;377.7;9270.78;3209.59;8090.92;494.993;507.486;48027.4;1475.81;7117.29;1477.89;9256.09;1261.19;1811.47;11084.9;499.331;167.883;1347.92;423.678;3241.24;23301.8;10724.5;4318.43;19004.6;6121.06;2997.11;5355.44;488.588;2440.21;10373;295.723;3824.66;524.512;35692.4;7912.3;1767.92;1639.72;925.356;573.817;19086.8;16591.6;7722.69;5173.58;20968.2;3309.03;5071.34;3419;518.029;29515.2;10485.6;785.245;6049.46;5781.23;8829.63;2840.21;4658.11;7399.88;1287.9;;;;;;;;;;;;;;;;;;;;;;;;;;;;;;;
spalletti_dopo_bologna_roma.wav;posFreqFond;6;63;0;0;1;0;0;1;0;8;0;0;1;1;3;0;4;0;1;0;0;63;4;0;1;0;63;63;0;0;0;0;0;0;63;0;63;0;63;4;1;1;7;1;2;0;3;0;0;0;0;1;0;6;1;10;1;1;62;1;0;0;0;0;1;0;2;5;6;1;63;0;8;0;1;1;0;0;1;2;7;1;9;63;1;0;0;1;0;0;1;0;0;0;1;0;0;0;0;0;63;0;63;0;8;0;1;1;2;1;1;0;0;57;0;4;0;0;0;;;;;;;;;;;;;;;;;;;;;;;;;;;;;;;
spalletti_dopo_bologna_roma.wav;pendenze;936.268;1462.46;30496.7;2060.92;30587.7;19764;36998.7;13255.9;27560.9;2072.42;24326;7280.24;6568.15;18463.5;17111.4;7095.04;29815.6;3049.68;22683.3;11192.2;9270.98;15885;33181.9;38036;34436.7;8228.41;722.116;10269.8;13616.1;40271.5;8374.08;61337.3;50925.6;17795.9;72407.8;51748.1;3040.45;4404.31;848.145;4457.75;17387.4;1116.76;5014.81;21045.4;20041.3;11167.4;1615.42;17163.2;22120.1;26254.1;11964.2;140115;148.026;17360.2;20703.5;1836.15;2656.14;753.573;2408.59;5387.32;26522.1;70548.7;12447.4;58235.4;12680.9;97833.9;401.219;359.146;35540;127611;30994.2;1551.23;7638.56;62418;28748.7;58007.7;1401.75;897.945;1561.4;1055.03;4066.38;89037;11285.4;9539.84;55301.1;20651;7247.6;11954.2;1964.65;36893.9;33886.8;139.633;39155.1;2593.51;51828.5;3928.89;47726.5;39941.2;2853.49;2179.32;65507.1;27227.9;19812.2;35707.5;26287.9;116307;49562.1;9684.59;954.42;88069.6;23181.5;679.854;285127;5040.56;12648.8;3431.08;45008;66106.5;493.506;;;;;;;;;;;;;;;;;;;;;;;;;;;;;;;
una_parlata_tranquilla.wav;discretizzatore;1,33E+10;-1,04E+11;86369;49530;-16080;64453;-21692;6049;-4316;223106;-52797;-62644;97931;-58219;12906;23929;118341;37534;-52006;69150;-75017;71996;103725;-141136;272669;-101697;-11430;11682;30293;64617;-67823;-92246;75135;131512;-54179;84634;-21604;64316;95093;-14933;-9976;-2226;68622;-42310;153319;-264615;277529;-257969;265071;-257402;214948;-17413;26052;-20299;120696;-90223;158872;-20117;177135;100518;-175746;219;178505;-122817;108143;-154177;197953;101315;-234948;17877;-28396;170234;53309;4201;16696;7225;8247;-8325;152156;-197497;70540;183938;-296774;218639;148909;-173666;83487;-27632;197968;-188814;204600;59714;542308;-465864;177631;-88044;-139472;48379;69148;-40549;114796;-164111;105814;109147;-112625;94926;-1121;-30661;-19647;432643;-281876;-44634;-33360;170374;-11876;-115805;210759;-36627;-62088;31615;89729;36464;-136201;-64043;;;;;;;;;;;;;;;;;;;;;;;;;;
una_parlata_tranquilla.wav;media;602.178;-471.415;391.696;224.626;-0.729252;292.304;-0.983764;0.274331;-0.195737;101.182;-239.442;-2.841;444.132;-264.032;0.585306;108.522;536.694;170.222;-235.855;313.605;-340.213;326.512;470.408;-640.073;123.659;-461.211;-0.518367;0.529796;137.383;293.048;-307.587;-418.349;340.748;596.426;-24.571;383.828;-0.979773;291.683;431.261;-0.677234;-0.452426;-0.100952;311.211;-191.882;695.324;-120.007;125.863;-116.993;120.214;-116.736;974.821;-0.789705;11.815;-0.92059;547.374;-409.175;720.508;-0.912336;803.333;455.864;-797.034;0.00993197;809.546;-556.993;490.444;-699.215;897.746;459.478;-106.552;0.810748;-12.878;772.036;241.764;0.190522;0.757188;0.327664;0.374014;-0.377551;69.005;-895.678;319.909;834.186;-134.591;99.156;675.324;-787.601;378.626;-125.315;897.814;-856.299;927.891;270.812;245.945;-211.276;805.583;-399.293;-632.526;219.406;313.596;-183.896;520.617;-744.268;479.882;494.998;-510.771;430.503;-0.050839;-139.052;-0.89102;19.621;-127.835;-202.422;-151.293;772.671;-0.538594;-525.193;955.823;-166.109;-281.578;143.379;406.934;16.537;-617.692;-290.444;;;;;;;;;;;;;;;;;;;;;;;;;;
una_parlata_tranquilla.wav;picchi;8862;4954;4588;3105;4925;4485;3761;3145;1942;2618;3996;1661;11716;7694;3896;5142;9874;3834;1065;5819;16359;3460;8293;5418;16504;9528;221;157;1179;6531;5020;8657;7282;2799;2033;1980;460;16386;21381;5926;10592;4736;2136;9001;7193;7215;18952;10095;4739;588;16693;9123;2692;9383;5544;6899;6008;4258;7641;6473;8295;10250;5274;8349;5331;4747;12117;11883;6351;12595;9205;5798;3688;8284;17631;5972;273;7366;7506;6882;3514;6143;6860;8971;7421;7258;6799;20004;7065;14003;8319;5795;15756;6676;7915;8139;12083;8844;6110;12122;8187;9089;6095;4300;2452;11784;8389;7169;3571;8032;6717;7430;6043;6128;5030;3226;1313;1000;3932;3477;6036;2136;6530;331;;;;;;;;;;;;;;;;;;;;;;;;;;
una_parlata_tranquilla.wav;energia;7,10E+15;2,02E+15;1,32E+14;5,85E+14;1,51E+15;1,60E+15;1,49E+13;4,30E+14;1,32E+14;3,05E+14;1,32E+15;2,07E+13;5,85E+15;4,36E+15;4,01E+14;5,30E+14;3,04E+14;1,56E+15;2,96E+13;2,31E+15;2,35E+15;1,43E+15;4,02E+15;2,12E+15;1,13E+15;3,06E+14;5,46E+12;4,66E+12;1,54E+13;4,56E+15;2,70E+15;1,87E+15;4,19E+15;2,70E+14;3,13E+14;1,81E+14;6,81E+12;7,36E+14;4,28E+15;3,37E+15;3,78E+15;1,19E+15;2,99E+13;3,07E+15;2,16E+15;2,63E+15;8,54E+15;4,51E+15;2,94E+15;5,13E+12;1,10E+16;6,97E+15;4,68E+13;7,45E+15;2,71E+15;5,29E+15;2,53E+15;1,92E+15;5,52E+15;2,26E+15;5,23E+15;3,55E+14;3,86E+15;1,31E+15;1,70E+15;1,75E+15;1,14E+16;1,26E+16;4,15E+15;7,31E+15;5,83E+15;2,29E+15;7,99E+14;8,55E+15;1,57E+16;2,20E+15;1,14E+13;4,38E+15;2,78E+15;2,42E+15;1,11E+15;1,92E+15;2,99E+15;3,29E+15;4,30E+15;1,79E+15;4,65E+15;3,30E+16;4,33E+15;1,20E+16;9,16E+15;1,26E+15;1,46E+16;8,09E+15;4,49E+15;4,32E+15;8,42E+15;2,96E+15;4,04E+15;7,17E+15;4,83E+14;5,83E+15;3,77E+15;2,18E+15;2,91E+14;4,15E+15;4,62E+15;2,90E+15;4,18E+14;3,01E+15;1,96E+15;4,35E+15;2,06E+15;3,36E+15;1,17E+15;1,32E+15;2,34E+13;1,26E+13;1,27E+15;3,32E+13;1,91E+15;1,98E+13;1,05E+15;6,64E+11;;;;;;;;;;;;;;;;;;;;;;;;;;
una_parlata_tranquilla.wav;frequenzeH0;2663;44997;34828;1432;44726;21003;8546;18570;1126;4325;58812;6370;619;28543;23924;3928;3448;14094;24298;1747;14268;16912;3066;36391;16771;78612;2721;1048;641;25694;53206;4505;2851;2429;7744;3208;4649;1515;1435;47928;4379;1991;5025;5219;57275;57847;1239;98849;53889;984;2710;118106;62649;11523;10797;42633;96071;37398;732;680;10712;3600;22810;50335;93819;10260;7734;25684;59770;505;57632;15244;29566;4225;76690;18059;5590;2762;5509;63307;62631;467;15835;27654;4494;53955;56692;46953;24569;69067;24746;11062;2930;54902;58741;40026;11544;58318;1443;74441;3949;42837;261;54405;27476;60;65246;2521;3374;10640;14628;32539;20498;12413;24262;4144;2550;5552;30662;3526;49050;7093;622;1933;;;;;;;;;;;;;;;;;;;;;;;;;;
una_parlata_tranquilla.wav;frequenzeH4;565.178;4357.86;2683;200.141;2828.36;3781.89;2042.41;634.177;1809.44;165.032;4817.28;7803.54;1641.3;13854.7;7385.02;298.142;677.07;3319.74;641.977;422.857;1028.44;847.227;192.824;26549.8;1300.51;875.168;216.054;208.449;168.885;6927.7;5016.71;116.775;2775.33;781.893;878.602;187.784;166.696;168.295;1125.25;4666.82;5494.51;1594.11;262.755;701.901;4196.97;4297.65;494.415;5296.18;1263.11;271.74;139.569;5316.36;7415.66;1697.75;2609.41;7442.34;10257.4;4487.17;727.445;200.151;460.776;885.885;3149.28;8101.43;7109;5942.5;964.061;40693.7;147.409;626.991;862.485;3477.27;1148.55;503.283;10908.4;795.393;218.883;566.934;191.006;6601.63;7713.37;180.097;20497.5;14636.4;1211.39;12919.9;6908.32;3252.27;2323.54;2470.96;893.772;26895.5;866.657;5550.89;472.083;1271.57;1129.07;5178.13;254.347;5395.79;763.899;9932.47;10307.8;3084.47;5096.58;352.564;2847.14;1710.85;486.808;5913.77;11356.1;58.423;5565.25;7989.58;1078.31;310.803;697.497;192.386;1610.99;132.608;4075.33;627.599;123.688;442.846;;;;;;;;;;;;;;;;;;;;;;;;;;
una_parlata_tranquilla.wav;frequenzeH6;154.733;1523.89;2188.2;308.301;2391.79;9670.1;1478.74;489.7;753.04;199.822;2119.05;6237.28;961.712;3254.82;3767.72;526.042;2012.96;2474.05;516.994;235.735;1589.23;1212.98;247.139;4672.16;889.728;752.692;147.795;103.412;101.775;4549.5;10880.2;308.907;182.289;337.673;149.542;480.026;119.64;198.28;140.606;1797.45;3395.23;1293.37;473.299;226.573;3428.88;2480.28;143.429;4434.65;195.439;388.163;102.409;3539.08;3607.44;6108.01;1682.98;502.262;6088.13;4265.18;335.497;366.628;1355.78;373.605;2378.51;5780.91;5341.59;2631.56;143.532;24837;310.321;101.884;6605.07;1774.34;379.06;209.653;17414.7;482.356;296.993;376.453;164.787;2713.92;5281.98;93.235;9003.56;6338.71;580.897;7686.12;7799.38;969.429;1279.98;674.013;712.986;18274.9;688.191;3618.95;1406.01;1405.11;1548.34;4394.93;128.196;3868.83;263.413;1512.47;7353.51;799.499;3543.64;308.268;2677.82;198.42;103.938;734.748;5610.39;417.253;1204.74;1510.5;435.928;155.877;138.738;108.65;1015.83;115.192;2697.1;436.246;164.782;880.812;;;;;;;;;;;;;;;;;;;;;;;;;;
una_parlata_tranquilla.wav;posFreqFond;0;0;0;0;0;1;1;0;1;0;0;63;1;1;1;0;8;1;0;0;0;0;0;1;0;0;0;0;1;0;1;0;5;8;0;0;0;0;61;0;1;63;0;0;0;0;0;0;0;0;0;0;0;0;1;0;1;0;63;1;0;0;0;0;0;1;0;1;0;63;3;0;1;0;1;0;0;0;0;0;0;0;1;1;63;1;1;0;0;0;0;1;0;0;0;0;0;1;0;0;0;1;1;0;0;63;0;0;0;63;1;0;1;1;0;0;0;0;0;0;0;1;0;62;;;;;;;;;;;;;;;;;;;;;;;;;;
una_parlata_tranquilla.wav;pendenze;1717.11;34540.2;13408.2;416.831;17256.3;45163.8;5712.53;11670.6;8990.5;3761.81;44044.6;18199.3;2468.42;72619.9;21663.3;3717.24;7982.62;11726.8;17032.1;1203.63;2456.63;7834.55;2570.92;91648.7;16293.2;72994.4;1554.51;548.805;420.068;7751.64;77586.3;3854.52;3056.5;1368.99;6364.81;2001.84;4067.46;1358.06;1257.4;24419.8;8459.38;5257.56;4102.84;3122.84;39950.6;24068.9;914.202;70614.9;52094.2;484.307;2434.33;37909;18566.7;10185.7;10430.8;29836.5;61837.8;19358;413.04;496.514;9472.72;1566.8;2190.67;18874.1;21873.3;39984.6;5435.08;233240;58143.6;738.885;69657.8;8431.3;31843.7;3064.65;153763;14762.6;5044.62;1553.91;4942.94;7403.73;38357.4;308.564;28778.6;33340.5;5103.83;62128.6;75403;16957.6;16558;63453;23791.6;99185.8;2586.1;42081;37255.8;26625.5;7127.42;45583.4;324.059;56866.2;3194.4;14594.8;36857.4;44592.5;19107.6;630.289;40802.6;908.271;2784.49;10722.8;16588;28525.8;24762.7;30235.1;22787;2683.65;1786.29;5378.74;26833.4;3051.83;33615.4;6751.54;445.462;5484.43;;;;;;;;;;;;;;;;;;;;;;;;;;
