nome_file;caratteristiche;;;;;;;;;;;;;;;;;;;;;;;;;;;;;;;;;;;;;;;;;;;;;;;;;;;;;;;;;;;;;;;;;;;;;;;;;;;
motociclista_2.wav;discretizzatore;-5470161;2152272;-6431620;1387497;-8185582;-6239014;-6137367;-7294832;-5904798;-14383017;298010;-2621852;-10892935;-7867374;-10022847;5635647;17341547;26183046;-1638528;-332596;1860887;1125889;1587477;-760159;909793;-5603561;-810833;879487;-4716308;-5965275;-2112435;-2417928;-3264057;-3636402;-2492358;-15667;;;;;;;;;;;;;;;;;;;;;;;;;;;;;;;;;;;;;;;
motociclista_2.wav;media;-123;49;-145;31;-185;-140;-138;-164;-133;-325;7;-58;-246;-177;-226;128;393;594;-36;-7;42;26;36;-16;21;-126;-17;20;-106;-134;-47;-54;-73;-81;-56;0;;;;;;;;;;;;;;;;;;;;;;;;;;;;;;;;;;;;;;;
motociclista_2.wav;picchi;31013;27454;27215;26611;26407;27420;26747;27825;27132;24865;27573;25208;27803;27275;27827;25871;27699;29127;27130;27372;26411;28551;28522;2871;27779;29888;10130;28408;27045;27127;26483;30562;25601;28728;25976;3123;;;;;;;;;;;;;;;;;;;;;;;;;;;;;;;;;;;;;;;
motociclista_2.wav;energia;1,93E+17;3,10E+17;2,67E+17;2,42E+17;3,47E+17;2,90E+17;3,00E+17;4,16E+17;3,63E+17;3,73E+17;2,60E+17;2,96E+17;4,13E+17;3,32E+17;3,38E+17;3,72E+17;4,64E+17;2,29E+17;2,66E+17;4,49E+17;4,54E+17;2,88E+17;1,58E+17;1,92E+15;8,93E+16;4,32E+17;5,42E+15;1,36E+17;4,70E+17;4,43E+17;2,17E+17;6,77E+16;3,76E+16;4,56E+16;2,70E+17;2,49E+15;;;;;;;;;;;;;;;;;;;;;;;;;;;;;;;;;;;;;;;
motociclista_2.wav;frequenzeH0;124549;463175;252328;37691;102992;164788;164406;518209;599277;403093;124438;80812;11190;314130;313769;866310;73972;795556;94542;182963;28603;190453;48991;49220;12780;101227;81633;197207;27137;92143;423779;6799;876563;442573;118150;49014;;;;;;;;;;;;;;;;;;;;;;;;;;;;;;;;;;;;;;;
motociclista_2.wav;frequenzeH1;21835;187426;243500;49596;3041;278656;186381;515686;231048;350007;201325;53373;2470;253526;304309;227381;27212;62243;2481;403320;6246;600233;1306;184;3754;9367;167433;105709;211278;338103;131338;3330;644954;261685;352885;44859;;;;;;;;;;;;;;;;;;;;;;;;;;;;;;;;;;;;;;;
motociclista_2.wav;frequenzeH2;9696;185275;52612;51288;984;254507;361584;241332;104199;193787;229289;35074;1401;131455;279734;125900;13812;87778;8783;135727;2794;135357;320;27;280;4273;76331;41257;117522;182584;63415;1404;123745;157193;258634;38540;;;;;;;;;;;;;;;;;;;;;;;;;;;;;;;;;;;;;;;
motociclista_2.wav;frequenzaFond;124549;463175;252328;51288;102992;278656;361584;518209;599277;403093;229289;80812;11190;314130;313769;866310;73972;795556;94542;403320;28603;600233;48991;49220;12780;101227;167433;197207;211278;338103;423779;6799;876563;442573;352885;49014;;;;;;;;;;;;;;;;;;;;;;;;;;;;;;;;;;;;;;;
motociclista_2.wav;posFreqFond;0;0;0;2;0;1;2;0;0;0;2;0;0;0;0;0;0;0;0;1;0;1;0;0;0;0;1;0;1;1;0;0;0;0;1;0;;;;;;;;;;;;;;;;;;;;;;;;;;;;;;;;;;;;;;;
motociclista_2.wav;pendenze;102714;275749;8828;25876;99951;113868;207183;2523;368229;53086;113609;27439;8720;60604;9460;638929;46760;733313;92061;267593;22357;464876;47685;49036;9026;91860;91102;91498;184141;245960;292441;3469;231609;180888;234735;4155;;;;;;;;;;;;;;;;;;;;;;;;;;;;;;;;;;;;;;;
motociclista_2.wav;classificazione;0;10;10;0;0;10;10;10;10;10;10;0;0;10;10;10;0;10;0;10;0;10;0;0;0;0;0;10;10;10;10;0;10;10;10;0;;;;;;;;;;;;;;;;;;;;;;;;;;;;;;;;;;;;;;;
ragazzina_sclera_su_ask.wav;discretizzatore;613140;624059;-3001517;-4018727;-1682755;3594594;2366856;7757962;13124163;10970395;-2851643;1776226;8358867;686310;3280631;3583078;2145929;4718113;-3084066;-448097;7592532;4376349;9196874;4995234;-3256475;-6548359;-3735402;-3047143;312960;-2889746;3639818;2124856;-381972;-4251540;-5647785;6257311;5639017;849483;-800739;4041767;800497;13730886;-3635157;-1391;-6202037;1595156;3445976;8374970;-4841802;5210782;-9101;;;;;;;;;;;;;;;;;;;;;;;;
ragazzina_sclera_su_ask.wav;media;14;14;-67;-90;-37;82;54;176;298;249;-64;40;190;16;74;81;49;107;-69;-9;172;99;209;113;-73;-147;-84;-68;7;-65;83;48;-8;-95;-127;142;128;19;-17;92;18;311;-81;0;-140;36;78;190;-109;118;0;;;;;;;;;;;;;;;;;;;;;;;;
ragazzina_sclera_su_ask.wav;picchi;19545;24306;24931;24078;24810;23966;25561;25574;24163;25185;25155;24876;25431;24541;25721;25193;25344;24941;25105;24110;24010;24329;24278;25650;25543;24800;24781;24687;25240;26348;24906;24914;24290;24252;26179;24842;25361;25274;24873;26022;24734;25238;24550;23807;24073;24918;24684;25640;25043;25655;167;;;;;;;;;;;;;;;;;;;;;;;;
ragazzina_sclera_su_ask.wav;energia;1,13E+15;4,66E+17;5,20E+17;4,10E+17;4,87E+17;3,02E+17;3,27E+17;4,81E+17;3,69E+16;5,55E+17;5,84E+17;3,01E+17;6,13E+17;4,26E+16;5,04E+17;3,86E+17;4,83E+17;4,59E+17;3,16E+17;4,87E+17;3,56E+16;5,13E+17;4,49E+17;3,15E+16;4,01E+17;4,92E+17;4,07E+17;4,85E+16;3,78E+17;5,01E+17;4,22E+17;5,22E+17;4,09E+17;4,25E+16;5,18E+17;2,63E+17;5,06E+17;4,22E+17;5,25E+17;3,60E+17;3,12E+17;6,90E+17;4,61E+17;2,87E+17;3,69E+17;4,95E+17;2,63E+17;6,27E+16;5,66E+17;4,20E+17;1,50E+11;;;;;;;;;;;;;;;;;;;;;;;;
ragazzina_sclera_su_ask.wav;frequenzeH0;0;1166;5187;49779;1689;378359;478091;119821;162660;90580;222;3120;50164;95913;45151;69723;206238;4278;25542;70194;48785;143896;68091;125279;71555;182217;164915;214558;249498;64124;10340;251903;3338;4626;6652;54447;46478;31878;545540;540490;11127;148;165748;115393;27467;122923;4808;274220;58612;101577;835;;;;;;;;;;;;;;;;;;;;;;;;
ragazzina_sclera_su_ask.wav;frequenzeH1;0;854;125040;173965;1744;583838;492631;237650;95176;243237;2259;2409;118550;144225;286527;153614;241206;176434;55046;245217;65733;52371;94401;221260;203910;558109;586885;326009;182088;108824;144723;107722;4049;11305;55352;80184;128058;180406;301593;379489;26267;932;104366;79752;104970;79184;43253;285227;391164;700341;2755;;;;;;;;;;;;;;;;;;;;;;;;
ragazzina_sclera_su_ask.wav;frequenzeH2;1;164;124887;617623;303;206221;333986;35898;521251;113412;796;943;293073;179950;316381;41225;404564;51136;690675;286278;9068;99548;111865;139419;406140;204826;322343;65976;82856;44242;423770;86755;1815;10613;57978;32136;135734;211460;259617;197985;11812;179;270686;36466;31818;15587;35279;45346;408562;84407;1796;;;;;;;;;;;;;;;;;;;;;;;;
ragazzina_sclera_su_ask.wav;frequenzaFond;42;1166;214816;617623;2513;583838;492631;237650;521251;249528;6017;29159;293073;179950;316381;153614;404564;176434;690675;286278;65733;492552;203415;571425;415781;558109;586885;326009;249498;108824;423770;277403;4049;40750;90689;268586;610054;211460;545540;540490;26267;1985;270686;115393;111786;128041;45138;285227;408562;700341;2755;;;;;;;;;;;;;;;;;;;;;;;;
ragazzina_sclera_su_ask.wav;posFreqFond;31;0;7;2;4;1;1;1;2;4;10;9;2;2;2;1;2;1;2;2;1;3;3;3;3;1;1;1;0;1;2;6;1;4;4;7;4;2;0;0;1;6;2;0;4;5;5;1;2;1;1;;;;;;;;;;;;;;;;;;;;;;;;
ragazzina_sclera_su_ask.wav;pendenze;12;312;175589;495020;1824;377617;158644;201752;426074;75876;4910;8509;222459;56046;66201;112389;211816;172156;635628;59434;56665;393003;136921;434211;358672;375892;421970;260033;67410;64582;291688;165821;2234;29210;69383;113930;540936;186414;243947;161001;15140;1634;197243;35641;67561;107672;28904;239881;187411;615933;1920;;;;;;;;;;;;;;;;;;;;;;;;
ragazzina_sclera_su_ask.wav;classificazione;0;0;10;10;0;10;10;10;10;10;0;0;10;10;10;10;10;10;0;10;0;10;10;10;10;10;10;10;10;0;10;10;0;0;0;10;10;10;10;10;0;0;10;0;0;10;0;10;10;10;0;;;;;;;;;;;;;;;;;;;;;;;;
Ragazzo_si_incazza_e_rompe_il_computer.wav;discretizzatore;-587939;-279965;-2154911;-1510100;-109604;599843;-1394352;-1157939;-1153727;-226958;-1445984;580087;-3624908;-606915;909591;-367309;-194347;746131;248303;-1455780;-1636572;-624495;-310075;-569332;-894794;99010;-628671;-1406021;845132;739459;-1271544;-11045879;-1505679;-460544;396502;-229890;-1115438;1410792;564654;;;;;;;;;;;;;;;;;;;;;;;;;;;;;;;;;;;;
Ragazzo_si_incazza_e_rompe_il_computer.wav;media;-12;-5;-48;-33;-1;14;-31;-25;-25;-4;-32;13;-81;-13;21;-7;-3;17;6;-32;-36;-13;-6;-12;-19;2;-13;-31;19;17;-28;-249;-33;-9;9;-4;-24;32;13;;;;;;;;;;;;;;;;;;;;;;;;;;;;;;;;;;;;
Ragazzo_si_incazza_e_rompe_il_computer.wav;picchi;32188;32767;32767;32767;32767;32767;32767;32767;32767;32767;32767;32767;32767;32767;32767;32767;32767;32767;32767;32767;32767;32767;32767;32767;32767;32767;32767;32767;32767;32767;32767;32767;32767;32767;32767;32767;32767;32767;32767;;;;;;;;;;;;;;;;;;;;;;;;;;;;;;;;;;;;
Ragazzo_si_incazza_e_rompe_il_computer.wav;energia;2,09E+17;3,15E+17;3,55E+17;4,93E+17;4,31E+17;8,05E+17;7,68E+17;4,51E+17;5,44E+17;5,88E+17;5,75E+17;4,02E+17;5,02E+16;3,48E+16;5,49E+17;4,14E+17;4,99E+17;4,28E+17;1,59E+17;7,94E+17;5,24E+17;4,93E+17;2,83E+15;4,36E+17;4,04E+17;3,18E+17;3,81E+17;3,19E+17;9,30E+17;6,17E+17;6,42E+17;8,82E+17;5,51E+17;4,23E+17;4,69E+17;5,39E+17;3,28E+17;5,27E+17;1,53E+17;;;;;;;;;;;;;;;;;;;;;;;;;;;;;;;;;;;;
Ragazzo_si_incazza_e_rompe_il_computer.wav;frequenzeH0;3;64340;260336;43992;250982;358990;538751;314541;52428;678;217477;308568;182594;274184;45131;19513;67931;72473;58982;157544;65617;57594;150742;787227;121115;14300;61385;158506;289388;162372;77243;28933;668530;159843;31606;229947;225704;281125;267700;;;;;;;;;;;;;;;;;;;;;;;;;;;;;;;;;;;;
Ragazzo_si_incazza_e_rompe_il_computer.wav;frequenzeH1;1;80932;153943;12275;257247;652818;272880;153157;564749;599186;164951;287155;303676;194579;46632;55521;333654;28217;59850;301883;98446;30767;45814;466797;114227;329302;42510;165731;199441;261205;31104;25884;454349;249299;257145;433089;773103;584010;28972;;;;;;;;;;;;;;;;;;;;;;;;;;;;;;;;;;;;
Ragazzo_si_incazza_e_rompe_il_computer.wav;frequenzeH2;2;71954;17363;24270;118298;231163;44556;216088;223707;170269;64132;148742;115562;98484;10633;6357;225774;3751;48163;120086;65252;2882;14819;153505;128348;149810;17263;61288;225605;238575;91405;15761;229723;116723;127885;159602;79875;158431;13812;;;;;;;;;;;;;;;;;;;;;;;;;;;;;;;;;;;;
Ragazzo_si_incazza_e_rompe_il_computer.wav;frequenzaFond;42;90221;260336;54839;257247;652818;538751;314541;564749;599186;323010;308568;303676;274184;69715;435769;333654;234985;97547;301883;418916;57594;150742;787227;220375;329302;161267;165731;330971;261205;263568;28933;668530;249299;257145;433089;773103;584010;267700;;;;;;;;;;;;;;;;;;;;;;;;;;;;;;;;;;;;
Ragazzo_si_incazza_e_rompe_il_computer.wav;posFreqFond;26;5;0;5;1;1;0;0;1;1;3;0;1;0;5;14;1;14;14;1;5;0;0;0;15;1;8;1;7;1;5;0;0;1;1;1;1;1;0;;;;;;;;;;;;;;;;;;;;;;;;;;;;;;;;;;;;
Ragazzo_si_incazza_e_rompe_il_computer.wav;pendenze;25;72824;106393;41582;138949;421655;265871;161384;512321;598508;258878;21413;188114;79605;30230;303326;265723;217558;48843;181797;300275;26827;104928;320430;200634;315002;140025;104443;295127;98833;199841;3049;214181;132577;225539;273487;693228;425579;238728;;;;;;;;;;;;;;;;;;;;;;;;;;;;;;;;;;;;
Ragazzo_si_incazza_e_rompe_il_computer.wav;classificazione;0;0;10;0;10;10;10;10;10;10;10;10;10;10;0;0;10;5;0;10;10;0;5;10;10;10;0;10;10;10;10;0;10;10;10;10;10;10;10;;;;;;;;;;;;;;;;;;;;;;;;;;;;;;;;;;;;
litigio_di_sgarbi.wav;discretizzatore;-365110;46806;51141;-67208;-17286;12437;-66615;-87280;151202;-389572;153809;-231905;117828;-92054;43848;-6429;-10292;19944;61448;-65008;-10685;-212709;297154;-22134;-224290;-62094;-190604;73200;32420;-229685;-177757;338640;-73226;-33132;133332;-52208;19007;19260;-44386;74852;-132150;192786;-92933;100279;68746;-97646;-96618;-45457;89729;42019;103410;-183650;24845;-118471;73938;-121688;-1602;209428;-15380;-17246;-48666;-67018;-26683;-72248;-57431;-53144;25440;62440;;;;;;;
litigio_di_sgarbi.wav;media;-7;1;1;-1;0;0;-1;-1;3;-8;3;-4;3;-1;1;0;0;0;1;0;0;-4;7;0;-4;0;-3;2;1;-4;-3;8;-1;0;3;0;0;0;0;2;-2;4;-1;2;2;-1;-1;0;2;1;2;-3;1;-2;2;-2;0;5;0;0;0;-1;0;-1;0;0;1;1;;;;;;;
litigio_di_sgarbi.wav;picchi;22647;21299;20974;21246;20389;22653;22523;20699;21433;22424;19843;21045;22507;20644;19384;20421;19396;19820;20222;19986;19588;22282;19794;20052;18935;21656;21316;21081;19324;20765;17303;18618;18751;19089;20235;17929;20909;18813;19668;20449;21418;18385;21491;20155;20370;21024;19639;20808;20267;19952;21658;22130;19629;17341;20478;17765;19492;20003;17437;19928;19917;18657;20749;22502;21474;21062;20046;18105;;;;;;;
litigio_di_sgarbi.wav;energia;1,40E+17;1,49E+17;9,38E+16;6,62E+16;5,24E+16;1,11E+17;1,14E+17;7,55E+16;8,07E+16;9,60E+16;9,19E+16;8,17E+16;1,30E+17;9,93E+16;6,80E+16;6,09E+16;4,41E+16;6,64E+16;9,06E+16;8,41E+16;5,39E+16;8,89E+16;8,23E+16;7,30E+16;8,94E+16;9,39E+16;4,84E+16;8,55E+16;5,49E+16;7,63E+16;9,63E+16;6,71E+16;5,54E+16;8,93E+16;3,91E+16;3,46E+16;9,78E+16;6,00E+16;1,10E+17;1,26E+17;1,13E+17;1,52E+17;1,12E+17;1,25E+17;1,13E+17;9,71E+16;7,19E+16;9,93E+16;8,18E+16;4,86E+16;6,71E+16;1,32E+17;1,11E+17;8,90E+16;1,27E+17;9,03E+16;1,10E+17;1,20E+17;7,08E+16;7,27E+16;4,53E+16;9,31E+16;1,08E+16;9,49E+16;7,26E+16;1,38E+17;1,39E+17;6,11E+16;;;;;;;
litigio_di_sgarbi.wav;frequenzeH0;955;162724;30958;17945;134328;48938;85664;45918;38339;30018;288160;227445;284974;77264;60140;37221;139388;1708;6905;29468;118383;16922;24605;88495;18472;9001;17533;30806;34993;31371;96508;357448;10253;15099;89744;11048;7417;17316;15221;35886;77969;161986;30194;3068;28440;122608;54510;49134;3500;17750;156120;241815;94186;44862;34886;116003;129286;183351;56192;248299;36987;111148;33934;4033;71583;60567;212059;132581;;;;;;;
litigio_di_sgarbi.wav;frequenzeH1;30695;202267;66963;37419;56811;260394;115103;11871;52847;87910;163866;60475;104603;51646;167892;41551;43350;8519;13256;34343;250228;165867;69727;336281;158766;56218;40128;37115;295148;18503;188706;329057;276449;14969;365494;233419;13327;116290;265166;137136;94105;260007;435115;38279;122538;128541;119528;80378;347198;21058;92057;15626;337623;182451;198253;330250;228420;80098;147347;375921;16261;146881;15965;194827;100578;205988;168074;406385;;;;;;;
litigio_di_sgarbi.wav;frequenzeH2;9302;134184;27815;4207;15475;87077;48233;27598;58312;41862;78928;38806;103993;11001;15304;15190;10423;4051;12589;44282;113166;52000;28785;222733;46839;21472;3293;16750;82968;17703;132230;30252;38340;9084;48854;46038;1827;161292;113797;42086;159222;149305;39652;40702;88734;84064;153785;57051;67262;25569;59022;10585;55321;29008;25563;96755;27568;138024;58609;82502;13673;11152;26072;33831;49555;186358;16213;37985;;;;;;;
litigio_di_sgarbi.wav;frequenzaFond;30695;202267;66963;37419;134328;260394;115103;45918;58312;87910;288160;227445;284974;77264;167892;41551;139388;8519;13256;44282;250228;165867;72756;336281;158766;56218;40128;37115;295148;31371;188706;357448;276449;15099;365494;233419;13327;161292;265166;137136;159222;260007;435115;40702;122538;128541;153785;80378;347198;31790;156120;241815;337623;182451;198253;330250;228420;183351;147347;375921;36987;146881;33934;194827;100578;205988;212059;406385;;;;;;;
litigio_di_sgarbi.wav;posFreqFond;1;1;1;1;0;1;1;0;2;1;0;0;0;0;1;1;0;1;1;2;1;1;3;1;1;1;1;1;1;0;1;0;1;0;1;1;1;2;1;1;2;1;1;2;1;1;2;1;1;3;0;0;1;1;1;1;1;0;1;1;0;1;0;1;1;1;0;1;;;;;;;
litigio_di_sgarbi.wav;pendenze;29740;68082;39148;33212;77517;211456;66870;34047;51621;57892;124294;166970;180371;25618;152588;26361;96038;6811;6351;29560;137063;148945;43971;247786;140294;47217;36835;20365;260155;12868;92198;28391;266196;130;316640;222371;11500;98190;249945;101250;134297;110703;404921;29199;94098;44477;144362;31244;343698;15770;64063;226189;282301;153443;172690;233495;200852;103253;91155;293419;20726;135728;17969;190794;51023;145421;43985;368400;;;;;;;
litigio_di_sgarbi.wav;classificazione;0;10;0;0;0;10;0;0;0;0;10;5;10;0;10;0;0;0;0;0;10;10;0;10;0;0;0;0;10;0;10;10;0;0;10;0;0;0;10;0;10;10;0;0;0;10;10;0;10;0;5;5;10;0;0;10;10;10;10;10;0;10;0;0;0;10;5;10;;;;;;;
motociclista_1.wav;discretizzatore;396855;-15290;-203397;-153153;-187461;-241593;-173606;-82057;557791;156863;-48493;410335;-236851;62624;-31672;-121644;160654;346350;-90040;216473;-226417;66051;-35638;-56448;-18162;-52563;-230217;-17364;-132581;137499;-218248;-62872;39690;199074;-165992;-114269;-435527;494664;-173796;3935;187002;-41192;-543915;-24406;156884;-47034;-302031;-9204;-334633;-31469;279630;-120598;-145580;445822;-93373;109060;39416;3442;-309406;-309860;119602;-260623;46941;29968;-150803;-119770;-128830;92403;388645;-211166;58314;;;;
motociclista_1.wav;media;9;0;-4;-2;-3;-4;-3;-1;13;4;0;9;-4;1;0;-2;4;8;-1;5;-4;1;0;0;0;0;-4;0;-2;3;-4;0;1;5;-3;-2;-9;11;-3;0;4;0;-11;0;4;0;-6;0;-7;0;6;-2;-2;10;-1;2;1;0;-6;-6;3;-5;1;1;-2;-2;-2;2;9;-4;1;;;;
motociclista_1.wav;picchi;23203;20470;21787;23492;21333;20182;22621;25031;25610;24156;22662;20840;21871;17694;22647;23352;21104;19548;19880;19714;18708;12492;21014;21898;19878;21795;19763;20796;21552;22812;19322;20875;22571;11796;22109;18237;20613;22833;21204;19701;22433;22206;20129;21204;22512;21562;18808;19284;16007;21470;20444;20384;18091;21424;20258;22465;21482;18593;21082;19435;18457;22089;20425;21605;25428;25795;23813;22190;22473;23918;636;;;;
motociclista_1.wav;energia;7,73E+16;5,45E+16;1,26E+17;9,92E+16;9,98E+16;1,04E+17;9,83E+16;8,65E+16;1,25E+17;1,20E+17;3,59E+16;7,69E+15;9,56E+16;6,32E+16;1,96E+17;1,88E+17;5,93E+16;4,44E+16;7,30E+16;5,12E+16;3,54E+16;3,29E+16;6,45E+15;5,60E+16;6,57E+16;9,89E+16;9,98E+16;7,64E+16;6,67E+16;1,43E+17;1,61E+17;6,23E+16;2,15E+17;1,95E+15;2,20E+17;7,31E+16;9,70E+16;1,70E+17;6,17E+16;3,92E+16;7,27E+16;1,05E+17;9,39E+16;3,95E+16;1,37E+17;1,23E+17;4,10E+16;5,59E+16;3,18E+16;9,39E+16;9,84E+16;6,84E+15;4,58E+16;9,05E+16;2,93E+16;1,17E+17;4,55E+16;3,70E+16;1,10E+17;3,14E+16;5,39E+16;4,53E+16;1,08E+17;1,47E+17;1,50E+16;1,62E+17;1,23E+17;1,47E+17;9,90E+16;1,39E+17;8,91E+12;;;;
motociclista_1.wav;frequenzeH0;151638;15286;29531;54091;43851;23429;13892;53441;7107;17975;3048;304993;5563;5630;23488;6839;15075;29060;57292;70663;14480;49867;13282;55079;9337;13627;72965;1038;118894;52296;9628;140545;57020;157531;68745;22545;329875;153250;183187;118274;8240;13666;246598;40550;86783;3832;9391;48299;26318;156517;15770;129310;10017;177449;67143;176649;90441;93952;90597;47286;74802;175381;100804;6450;3627;2696;7098;17849;80032;61390;14673;;;;
motociclista_1.wav;frequenzeH1;21925;7982;30848;276375;73509;16456;2033;302565;26364;34134;7135;119032;125999;3077;4956;1895;100602;65387;125989;156051;2085;128099;6104;96638;2543;4241;319466;8081;182061;259879;3427;43266;60276;61034;139606;10571;123708;314535;125049;25190;7779;56287;206126;203754;85402;187260;2597;101117;25174;290691;141848;157741;2846;325457;333618;62331;92813;186287;105817;8643;67368;44270;15607;8916;416022;3301;2621;36018;3689;343236;3469;;;;
motociclista_1.wav;frequenzeH2;10343;7687;12022;40694;29634;1380;2676;123581;39060;23247;4174;8662;24014;2939;3298;673;129404;22851;22545;89345;2788;16752;5110;59069;3709;3189;77383;3894;153935;105627;1884;48389;9662;34668;63771;2672;19969;170957;49614;12217;4583;25308;220738;269701;20726;111484;536;68171;27014;64232;20454;83595;6230;48252;116153;33395;58805;62807;15162;3713;11811;4038;16247;1951;254471;1955;3271;10237;9029;179452;3914;;;;
motociclista_1.wav;frequenzaFond;151638;15286;30848;276375;73509;23429;13892;302565;39060;34134;7135;304993;125999;8601;23488;6839;129404;65387;125989;156051;29779;128099;13282;96638;11036;13627;319466;8081;182061;259879;9628;140545;60276;157531;139606;22545;329875;314535;183187;118274;25138;56287;246598;269701;86783;187260;9391;101117;27014;290691;141848;157741;10017;325457;333618;176649;92813;186287;105817;47286;74802;175381;100804;8916;416022;3301;7098;36018;80032;343236;14673;;;;
motociclista_1.wav;posFreqFond;0;0;1;1;1;0;0;1;2;1;1;0;1;5;0;0;2;1;1;1;9;1;0;1;6;0;1;1;1;1;0;0;1;0;1;0;0;1;0;0;6;1;0;2;0;1;0;1;2;1;1;1;0;1;1;0;1;1;1;0;0;0;0;1;1;1;0;1;0;1;0;;;;
motociclista_1.wav;pendenze;129713;7304;18826;235681;43875;6973;11859;249124;34454;16159;4087;185961;120436;6924;18532;4944;34619;42536;103444;85388;23767;111347;7178;41559;5758;9386;246501;7043;63167;207583;6201;97279;50615;96497;75835;11974;206167;161285;58138;93084;20118;42621;40472;154791;1381;183428;6794;52818;17864;226460;126078;74146;7171;277204;266475;114318;34008;123479;90656;38643;7434;131111;85197;6965;412395;1347;4477;25781;76343;281846;11204;;;;
motociclista_1.wav;classificazione;10;0;0;10;0;0;0;10;0;0;0;10;0;0;0;0;0;0;10;10;0;0;0;0;0;0;10;0;10;10;0;0;0;0;10;0;10;10;5;0;0;0;10;10;0;10;0;0;0;10;5;10;0;10;10;5;0;10;0;0;0;5;0;0;10;0;0;0;0;10;0;;;;
Super_Angry_Australian.wav;discretizzatore;-583634;-385341;613045;-94360;-1232413;336052;783743;-806939;452950;401275;581163;-840861;782521;-197571;584274;971652;550790;862527;275281;1650653;2117696;1314455;-602141;1874057;-1268918;1029244;-286854;-1518183;607822;1067677;874617;-279826;-523635;-1115666;-554256;-86987;-1281753;-18612;896190;621408;-955388;-2245040;1201833;2066282;-1670271;-690489;238428;-1143751;-531755;-610202;-1417488;1432576;522110;103754;-16569;2104618;62754;63723;-1559949;-2218922;732563;1321018;-1647440;-78483;-598491;-460385;-224073;575107;-1420068;430206;-345735;-18244;-271810;1137607;764898
Super_Angry_Australian.wav;media;-12;-8;14;-1;-27;8;18;-17;10;9;13;-18;18;-3;13;22;12;20;6;37;48;30;-13;42;-28;23;-6;-33;14;24;20;-5;-11;-24;-12;-1;-28;0;20;14;-21;-50;27;47;-37;-15;5;-25;-11;-13;-31;32;12;2;0;48;1;1;-34;-49;17;30;-36;-1;-13;-9;-4;13;-31;10;-7;0;-5;26;17
Super_Angry_Australian.wav;picchi;16935;17019;17891;17327;17095;17813;17115;17272;17776;18211;17293;17077;17722;18711;17546;18256;17511;18706;17501;18473;17703;17762;18110;17341;18570;17750;18372;18177;17780;17533;17892;18512;17522;18053;17768;18043;17421;18910;18490;18364;18513;18206;17897;17901;18159;18617;17766;18603;17878;18900;17902;17739;18078;18251;18618;17849;18038;18876;17516;18188;17588;18177;18533;18258;18324;17990;19644;17726;19263;17681;18119;18889;17316;18217;17530
Super_Angry_Australian.wav;energia;6,64E+16;7,59E+16;6,48E+16;8,12E+16;8,57E+16;5,69E+16;9,11E+16;9,20E+16;8,01E+16;9,98E+16;1,26E+17;9,57E+16;1,52E+17;7,75E+15;1,39E+17;7,37E+16;1,07E+16;1,46E+17;1,47E+17;1,15E+17;1,30E+17;1,90E+17;1,21E+17;1,24E+16;1,04E+16;8,81E+16;1,11E+17;1,42E+17;1,06E+17;9,91E+16;9,58E+14;1,47E+17;1,17E+17;1,37E+17;7,59E+16;1,04E+17;9,78E+16;8,93E+16;1,54E+17;1,33E+17;1,33E+17;1,41E+17;1,48E+17;1,44E+17;1,11E+17;1,16E+17;1,08E+17;1,57E+16;1,63E+17;1,37E+17;1,22E+17;1,55E+17;1,02E+17;4,70E+16;1,24E+17;1,10E+17;9,29E+16;1,17E+17;1,45E+17;1,60E+17;5,41E+16;1,74E+17;1,15E+17;1,48E+17;1,31E+17;6,44E+16;1,53E+17;7,48E+16;1,65E+17;3,31E+16;1,79E+16;1,26E+17;1,06E+17;1,50E+16;6,25E+16
Super_Angry_Australian.wav;frequenzeH0;12;113661;110880;6587;11338;748;104324;6208;84;126;196971;23778;78369;4802;5499;117769;109800;452;1261;76514;80350;8095;537;14377;12299;520;90977;1537;90321;126517;71688;54685;60895;4848;9474;302;50910;2445;95117;22133;60598;30951;61626;75704;68535;68416;39755;64051;1467;929;2986;71120;74309;2337;3415;5893;113260;5896;45770;3101;49385;6231;58073;4892;14737;105739;124182;121620;3610;29653;29598;1555;51172;18091;942
Super_Angry_Australian.wav;frequenzeH1;1947;15226;13925;1446;117397;855;128306;9251;616;2880;68024;118436;308840;78326;14309;114606;36059;417;2164;34991;199079;3325;53612;205566;27845;60985;72131;2654;93790;64363;101248;75744;46622;25537;125234;2824;4282;1785;26499;18259;389298;45616;128337;420898;138114;49606;31843;201008;3214;116093;2774;320598;335115;4390;2268;5065;28840;13772;16352;2421;108408;112088;141093;13651;128606;247039;259101;332675;5397;35594;191984;2319;126814;89248;5221
Super_Angry_Australian.wav;frequenzeH2;3671;6807;38281;4544;79935;1701;20995;4790;437;8322;96689;170370;46861;115656;8268;136360;40745;936;1007;247754;139437;890;57303;48936;28409;380067;371422;1212;310112;39767;208488;234040;91366;86116;46478;1494;5627;1671;113189;123828;109475;37532;35167;111157;261546;123579;14109;107120;1541;62493;839;179121;54596;630;2216;547;42468;3184;28466;3585;166929;76073;334922;12589;13562;16578;25568;80888;28896;16138;280058;4277;241970;354464;3784
Super_Angry_Australian.wav;frequenzaFond;3671;113661;110880;6587;117397;2215;128306;9251;3283;8322;196971;170370;308840;115656;17678;136360;109800;1594;2292;247754;199079;8095;57303;205566;28409;380067;371422;2654;310112;126517;208488;234040;101700;86116;125234;5403;50910;5056;113189;128432;389298;45616;128337;420898;261546;123579;39755;201008;3214;116093;2986;320598;335115;4426;5360;5893;123703;19626;45770;4454;166929;194110;334922;13651;243363;247039;259101;332675;28896;35594;280058;4277;241970;354464;5221
Super_Angry_Australian.wav;posFreqFond;2;0;0;0;1;3;1;1;3;2;0;2;1;2;4;2;0;4;4;2;1;0;2;1;2;2;2;1;2;0;2;2;3;2;1;4;0;3;2;3;1;1;1;1;2;2;0;1;1;1;0;1;1;3;4;0;3;5;0;3;2;4;2;1;3;1;1;1;2;1;2;2;2;2;1
Super_Angry_Australian.wav;pendenze;1724;98435;96955;5141;106059;1810;107312;4461;2846;6543;128947;77229;261979;40057;13710;69806;73741;1057;1491;212763;118729;4770;37190;191189;19818;350246;304300;1441;256170;62154;107239;158295;33306;60579;115760;3535;46628;3385;86690;79885;328700;14665;93170;345194;147002;73972;7912;136957;1747;115164;212;249478;280518;3797;4525;828;81235;12867;29418;1578;67152;141682;251834;8759;234577;230461;233533;251787;23499;19456;196967;3401;115156;266958;4279
Super_Angry_Australian.wav;classificazione;0;0;0;0;10;0;10;0;0;0;10;0;10;0;0;10;0;0;0;10;10;0;0;10;0;10;10;0;10;0;10;10;0;0;0;0;0;0;5;0;10;0;10;10;10;0;0;10;0;10;0;10;10;0;0;0;0;0;0;0;5;10;10;0;0;10;10;10;0;0;10;0;10;10;0
poesia_l'amore.wav;discretizzatore;252430;21456;581180;-368521;133206;-28132;368444;582293;120911;697179;-304048;244431;37400;-114074;354907;164004;217459;302521;192865;142435;-207737;-48308;507414;-76035;347992;20693;792937;-230547;412953;-41584;7123;598382;430008;-119185;700795;50797;-312357;210061;750333;241116;-26227;313742;70551;589547;742645;13792;134922;-330818;551947;4219;112032;475733;-13539;-36213;258259;184665;4702;;;;;;;;;;;;;;;;;;
poesia_l'amore.wav;media;6;0;13;-7;3;0;8;13;3;16;-6;6;1;-2;8;4;5;7;4;3;-4;0;12;-1;8;0;18;-4;9;0;0;14;10;-2;16;1;-6;5;17;5;0;7;2;13;17;0;3;-7;13;0;3;11;0;0;6;4;0;;;;;;;;;;;;;;;;;;
poesia_l'amore.wav;picchi;12404;1297;26535;9927;20699;1680;27497;13971;14326;19793;18448;11847;12634;16346;15954;22511;11805;15626;8347;24917;22146;11054;5073;5955;24062;12684;13959;15868;15668;4583;2553;16478;13057;16335;10639;2734;14476;9592;14690;8005;7136;22339;13123;14817;16291;13024;13405;16091;14655;2652;18131;12151;13244;17497;11068;4712;536;;;;;;;;;;;;;;;;;;
poesia_l'amore.wav;energia;1,92E+16;1,71E+14;6,71E+16;3,95E+16;2,09E+16;3,86E+14;5,56E+16;6,11E+16;5,00E+16;1,63E+16;6,47E+16;1,55E+16;4,28E+15;1,58E+16;7,87E+15;6,59E+16;3,52E+16;3,45E+16;3,97E+15;1,23E+16;5,81E+16;7,27E+15;1,17E+16;2,22E+15;9,26E+16;4,29E+16;3,99E+16;9,26E+16;2,97E+16;4,01E+15;1,68E+15;6,83E+16;5,06E+16;3,20E+15;1,99E+16;1,96E+15;3,98E+16;1,11E+16;5,17E+16;1,22E+16;7,47E+15;9,40E+16;6,42E+15;4,01E+16;3,12E+16;2,80E+16;2,08E+16;1,98E+16;2,84E+16;1,68E+15;3,55E+15;5,50E+15;3,61E+16;6,26E+16;2,00E+16;2,80E+15;3,39E+13;;;;;;;;;;;;;;;;;;
poesia_l'amore.wav;frequenzeH0;3113;8027;7020;290478;48439;4973;6296;50313;370694;7103;221415;19929;9699;23470;9922;278891;241850;210698;28426;6653;2736;38854;20010;130115;121371;330013;77967;269879;107306;66325;6604;12395;36705;7873;78056;6775;34119;37386;2416;13112;16975;27706;171950;18865;18645;20397;22109;3073;471677;11925;3249;54275;55649;21975;7990;19904;1114;;;;;;;;;;;;;;;;;;
poesia_l'amore.wav;frequenzeH1;1637;1625;1025;263278;4770;9181;29809;91296;120842;527;643634;14258;2525;5780;1252;439216;46004;70181;9494;13336;3354;9052;18920;22799;128955;60048;23357;126363;13442;36666;25055;16701;29363;36020;22894;14003;23792;15414;17234;34215;106331;43025;135303;83940;23653;132598;17962;60668;179400;10634;9182;2612;38492;4535;7089;8306;3872;;;;;;;;;;;;;;;;;;
poesia_l'amore.wav;frequenzeH2;916;221;753;177864;4709;1569;16032;31864;50170;537;75176;5658;8684;30113;392;100572;64076;30897;8764;1861;2107;4922;11281;4650;141865;30301;2912;39455;10274;13084;4579;6908;22304;9750;29774;2553;10448;19471;4584;14376;11471;5675;63481;21659;4660;65501;5963;11254;77346;15256;4563;9951;3983;4739;5817;11114;508;;;;;;;;;;;;;;;;;;
poesia_l'amore.wav;frequenzaFond;3113;8027;7020;290478;48439;9181;29809;91296;370694;7103;643634;19929;9699;30113;9922;439216;241850;210698;28426;13336;3354;38854;20010;130115;141865;330013;77967;269879;107306;66325;25055;16701;36705;36020;78056;25772;34119;37386;17234;34215;106331;43025;171950;83940;23653;132598;22109;60668;471677;15256;9182;54275;55649;21975;7990;19904;3872;;;;;;;;;;;;;;;;;;
poesia_l'amore.wav;posFreqFond;0;0;0;0;0;1;1;1;0;0;1;0;0;2;0;1;0;0;0;1;1;0;0;0;2;0;0;0;0;0;1;1;0;1;0;4;0;0;1;1;1;1;0;1;1;1;0;1;0;2;1;0;0;0;0;0;1;;;;;;;;;;;;;;;;;;
poesia_l'amore.wav;pendenze;1476;6402;5995;27200;43669;7612;23513;59432;249852;6576;568458;5671;7174;24333;8670;338644;195846;140517;18932;11475;1248;29802;1090;107316;130293;269965;54610;143516;93864;29659;20476;9793;7342;28147;55162;11281;10327;21972;14818;21103;94860;37350;36647;65075;18993;112201;4147;57595;292277;11943;5933;51663;17157;17440;901;11598;3365;;;;;;;;;;;;;;;;;;
poesia_l'amore.wav;classificazione;0;0;0;5;0;0;0;0;10;0;10;0;0;0;0;10;10;0;0;0;0;0;0;0;10;0;0;5;0;0;0;0;0;0;0;0;0;0;0;0;0;0;5;0;0;0;0;0;10;0;0;0;0;0;0;0;0;;;;;;;;;;;;;;;;;;
propositi_di_lettura_per_il_2015.wav;discretizzatore;-3941;-25239;-17643;-17640;-12969;-8838;-25811;-33466;-15517;-16131;1319;-11992;-12308;-36744;9854;-20707;-19742;-17796;-25878;22068;-24408;-30488;-1454;7836;-56348;-15608;-14797;-18562;-17364;-13019;-40436;-6896;-18631;-8026;-38981;5439;-17095;-374;-26085;-41639;-128;7735;-16690;-44257;-15151;-25292;617;4567;-48006;-11808;-2814;-12514;-22436;-9963;-7188;-24013;-4479;;;;;;;;;;;;;;;;;;
propositi_di_lettura_per_il_2015.wav;media;0;0;0;0;0;0;0;0;0;0;0;0;0;0;0;0;0;0;0;1;0;0;0;0;0;0;0;0;0;0;0;0;0;0;0;0;0;0;0;0;0;0;0;0;0;0;0;0;0;0;0;0;0;0;0;0;0;;;;;;;;;;;;;;;;;;
propositi_di_lettura_per_il_2015.wav;picchi;5549;3557;3518;4799;3550;4460;5279;4145;3443;4905;3443;2867;3402;4324;3852;4140;1681;3855;3819;3593;4501;4089;4162;4530;3557;3272;3467;1802;2934;6518;4491;5062;5284;7629;5368;8152;7236;3545;6303;4252;4636;7320;6812;3142;4853;3290;3868;7090;4377;3608;2262;2573;2670;4167;4560;2927;84;;;;;;;;;;;;;;;;;;
propositi_di_lettura_per_il_2015.wav;energia;6,01E+15;2,91E+15;7,90E+14;6,67E+15;2,37E+15;4,50E+15;4,03E+15;2,68E+15;1,90E+15;2,48E+15;1,71E+15;1,61E+15;5,96E+14;5,36E+15;3,99E+15;2,91E+15;5,07E+13;3,85E+14;2,78E+15;3,43E+15;2,68E+15;2,87E+15;3,96E+15;2,18E+15;2,11E+15;3,61E+15;1,03E+15;1,62E+13;9,55E+14;6,77E+15;3,41E+15;4,54E+15;6,71E+15;3,59E+15;4,37E+15;5,70E+15;8,45E+15;3,43E+15;4,94E+15;2,02E+15;5,86E+15;4,58E+15;6,50E+15;2,46E+15;3,66E+15;1,99E+15;2,51E+15;9,30E+15;5,46E+15;3,54E+15;1,39E+15;8,10E+14;9,94E+14;2,10E+15;4,65E+15;2,17E+15;5,54E+11;;;;;;;;;;;;;;;;;;
propositi_di_lettura_per_il_2015.wav;frequenzeH0;478;22721;12586;352;376;3516;30333;19437;20215;16413;13766;4477;343;721;12902;21652;48;119;5556;15375;42467;8152;7519;5583;69327;1681;1281;866;578;576;8326;10198;19698;11764;285;23535;379;28164;39320;766;46982;9014;12462;52522;86;11695;31071;669;13783;5011;19540;18158;2672;297;215;4016;881;;;;;;;;;;;;;;;;;;
propositi_di_lettura_per_il_2015.wav;frequenzeH1;565;13298;18509;220;1124;42350;31821;95106;5555;5121;17251;4950;1107;362;31076;19574;496;201;27221;5777;96831;21891;40149;28115;45997;8958;2721;279;274;983;3303;31543;9638;52574;340;32858;85;28471;45099;1140;16745;14087;80312;25806;2599;31988;24151;572;34817;10589;8236;21820;3037;2798;17373;9302;408;;;;;;;;;;;;;;;;;;
propositi_di_lettura_per_il_2015.wav;frequenzeH2;197;2949;5561;590;62;17586;10225;50990;5866;802;4574;1827;422;761;22825;6318;183;326;5097;2543;28670;4364;9898;7231;9577;1946;2282;258;359;839;723;6126;7364;25063;572;8213;216;9453;17704;904;30102;5211;19138;20106;1278;10083;2657;340;2812;11922;2356;7006;3159;343;3661;3578;71;;;;;;;;;;;;;;;;;;
propositi_di_lettura_per_il_2015.wav;frequenzaFond;565;22721;18509;1049;1124;42350;31821;95106;20215;16413;17251;4950;1107;1273;31076;21652;496;378;27221;15375;96831;21891;40149;28115;69327;8958;10802;866;578;2448;8326;31543;19698;52574;638;32858;379;28471;45099;1140;46982;14087;80312;52522;2599;31988;31071;2011;34817;11922;19540;21820;3159;2798;17373;9933;881;;;;;;;;;;;;;;;;;;
propositi_di_lettura_per_il_2015.wav;posFreqFond;1;0;1;3;1;1;1;1;0;0;1;1;1;4;1;0;1;9;1;0;1;1;1;1;0;1;5;0;0;8;0;1;0;1;4;1;0;1;1;1;0;1;1;0;1;1;0;4;1;2;0;1;2;1;1;4;0;;;;;;;;;;;;;;;;;;
propositi_di_lettura_per_il_2015.wav;pendenze;368;9423;12948;565;1062;38834;21595;75669;14660;11292;12676;3123;764;1045;18174;2078;448;246;22124;9598;68162;17527;32630;22532;23330;7277;7394;587;304;1952;5023;25417;10060;40810;473;24645;294;19018;27395;374;30237;8876;67850;26716;2513;21905;6920;1352;32004;3839;11304;14814;1353;2501;17158;7688;473;;;;;;;;;;;;;;;;;;
propositi_di_lettura_per_il_2015.wav;classificazione;0;0;0;0;0;0;0;0;0;0;0;0;0;0;0;0;0;0;0;0;0;0;0;0;0;0;0;0;0;0;0;0;0;0;0;0;0;0;0;0;0;0;0;0;0;0;0;0;0;0;0;0;0;0;0;0;0;;;;;;;;;;;;;;;;;;
intervista_a_emma_marrone.wav;discretizzatore;86124;-118157;-35193;-107659;-101088;-109090;-70471;-13941;13101;-172006;-22045;-11116;-5969;-76516;-8800;-170388;10650;-14463;-37973;110331;-21770;-217025;-9740;-97845;-39790;-167140;-58620;-92215;-17472;-86943;25760;-39198;-72693;-121794;-107885;-61252;12780;-210658;73138;-21294;-236625;-184099;-204670;-114069;-150722;-120146;-76341;49739;-191666;-36397;-3543;104205;-160321;100953;-15493;-61326;-31309;-157568;-81378;;;;;;;;;;;;;;;;
intervista_a_emma_marrone.wav;media;2;-2;0;-1;-1;-1;-1;0;0;-3;0;0;0;-1;0;-3;0;0;0;3;0;-4;0;-1;0;-3;0;-1;0;-1;1;0;-1;-2;-1;0;0;-4;2;0;-4;-3;-4;-2;-2;-2;-1;1;-3;0;0;2;-3;2;0;0;0;-3;-1;;;;;;;;;;;;;;;;
intervista_a_emma_marrone.wav;picchi;6865;5389;7005;6862;5526;6772;4879;6415;5736;5544;12176;7898;6256;5177;3724;8895;6750;4591;5133;8218;5451;6501;8455;10126;13206;9989;6966;9276;13940;5243;4540;12295;6112;12333;9900;4994;5111;5709;8490;7598;8412;8545;6578;3479;9666;3495;9850;10317;12234;9810;8183;6281;12528;4779;5457;11220;13052;13578;4507;;;;;;;;;;;;;;;;
intervista_a_emma_marrone.wav;energia;8,18E+13;5,89E+15;5,00E+15;5,35E+15;2,41E+15;5,39E+14;1,65E+15;9,80E+15;9,30E+15;7,31E+15;1,27E+16;1,16E+16;3,54E+15;1,73E+15;2,89E+15;9,43E+15;5,12E+15;2,65E+15;8,94E+14;8,32E+14;9,22E+14;7,90E+15;1,02E+16;6,98E+15;2,77E+16;1,36E+16;1,57E+16;5,87E+15;2,73E+15;4,97E+15;2,46E+15;2,11E+16;1,17E+16;1,21E+16;8,79E+15;9,65E+15;8,77E+15;6,75E+15;9,29E+15;8,67E+15;1,13E+16;9,62E+15;1,01E+16;2,35E+15;7,84E+15;1,72E+14;9,70E+14;1,13E+16;1,58E+16;2,29E+16;1,52E+16;9,07E+15;1,01E+16;4,37E+15;3,74E+15;2,02E+15;2,25E+16;1,73E+16;3,27E+15;;;;;;;;;;;;;;;;
intervista_a_emma_marrone.wav;frequenzeH0;29551;62470;10785;3327;5453;16174;1351;760;37472;54654;3659;1216;21089;32025;4292;19995;5120;37466;22839;9312;29292;30901;19;929;36977;60445;50498;993;15099;2983;4772;698;7009;1215;11522;6805;24876;1751;22406;6223;39318;1901;3792;1589;2599;727;26164;11034;66314;56990;45461;23649;891;57488;56721;623;24876;203516;38444;;;;;;;;;;;;;;;;
intervista_a_emma_marrone.wav;frequenzeH1;8211;52077;2511;4616;6092;34967;562;817;42243;14342;59068;6656;55669;7393;5195;5135;20686;6177;3082;27216;94114;6251;56871;23125;99207;37747;31071;3107;7121;30256;779;829;3387;172;31584;25387;57006;2520;22098;9390;177629;3372;3820;5024;969;1474;30126;11146;32596;19201;132570;22617;3790;35870;80734;1075;167399;306704;109927;;;;;;;;;;;;;;;;
intervista_a_emma_marrone.wav;frequenzeH2;4145;11974;1091;1565;2119;1727;135;142;19757;4452;19047;2927;8758;5249;1108;1349;4638;1620;948;8304;30303;2595;1014;21422;37776;7354;18263;647;1903;13367;276;262;2660;342;3597;8914;21427;913;5262;4828;86306;1192;1403;2729;104;64;9802;4235;7365;5041;28650;8911;1466;7846;35946;161;172633;11995;20304;;;;;;;;;;;;;;;;
intervista_a_emma_marrone.wav;frequenzaFond;29551;62470;10785;4616;6092;34967;1351;817;42243;54654;59068;17534;55669;32025;5195;19995;20686;37466;22839;27216;94114;30901;56871;23125;99207;60445;50498;3107;15099;30256;4772;829;7009;1833;31584;25387;57006;2520;22406;9390;177629;3372;3820;5024;2599;1474;30126;11146;66314;56990;132570;23649;24394;57488;80734;1075;172633;306704;109927;;;;;;;;;;;;;;;;
intervista_a_emma_marrone.wav;posFreqFond;0;0;0;1;1;1;0;1;1;0;1;12;1;0;1;0;1;0;0;1;1;0;1;1;1;0;0;1;0;1;0;1;0;14;1;1;1;1;0;1;1;1;1;1;0;1;1;1;0;0;1;0;11;0;1;1;2;1;1;;;;;;;;;;;;;;;;
intervista_a_emma_marrone.wav;pendenze;21340;10393;8274;3051;3973;33240;789;675;22486;40312;55409;8174;46911;24632;4087;14860;16048;31289;19757;18912;64822;24650;56852;22196;62230;22698;19427;2460;7978;27273;3993;567;3622;1046;27987;18582;35579;1607;308;4562;138311;2180;2417;3435;1630;1410;20323;6911;33718;37789;103920;1032;9808;21618;44788;914;156938;294709;89623;;;;;;;;;;;;;;;;
intervista_a_emma_marrone.wav;classificazione;0;0;0;0;0;0;0;0;0;0;0;0;0;0;0;0;0;0;0;0;0;0;0;0;0;0;0;0;0;0;0;0;0;0;0;0;0;0;0;0;0;0;0;0;0;0;0;0;0;0;0;0;0;0;0;0;0;5;0;;;;;;;;;;;;;;;;
test_di_lettura_francesco_torralba.wav;discretizzatore;26729;-158809;116873;86657;-91567;-6461;7710;-128528;225799;-145437;-131845;82814;202041;-132140;-30931;22823;24681;203287;-227233;67135;100382;-52508;-36099;40302;-45947;143098;-121324;-10855;3911;37370;-102184;39240;-116841;161238;-201399;169320;-23449;-71062;62685;89574;-135959;-3265;2273;21113;-13769;-5549;20843;-15478;222634;-226439;24330;17845;23370;-5182;-52299;200737;-93534;-96372;13707;1260;;;;;;;;;;;;;;;
test_di_lettura_francesco_torralba.wav;media;1;-3;3;2;-1;0;0;-2;5;-2;-2;2;5;-2;0;1;1;5;-4;2;2;0;0;1;0;3;-2;0;0;1;-1;1;-2;4;-4;4;0;-1;1;2;-2;0;0;0;0;0;0;0;5;-4;1;0;1;0;0;5;-1;-1;0;0;;;;;;;;;;;;;;;
test_di_lettura_francesco_torralba.wav;picchi;15543;10914;9275;13606;10955;4761;19804;9753;13364;11325;24084;17041;16653;11731;11137;12081;9766;8845;10610;9364;9670;7745;18551;9908;10649;11525;9200;16701;10435;10102;15815;12413;14482;10031;12565;8882;9743;10199;18856;13847;9141;8896;12656;10683;9425;14969;13379;12082;18082;8811;6877;18956;11108;12389;12635;10540;14058;13508;6219;30;;;;;;;;;;;;;;;
test_di_lettura_francesco_torralba.wav;energia;5,23E+16;4,52E+16;3,20E+16;4,53E+15;3,50E+16;3,84E+15;6,66E+16;5,49E+16;5,22E+16;3,37E+16;1,44E+16;5,34E+16;5,90E+16;4,70E+16;2,16E+16;2,93E+16;3,24E+16;2,56E+16;2,46E+16;2,61E+16;1,98E+16;1,29E+16;5,94E+16;3,63E+16;2,81E+16;3,20E+16;2,04E+16;6,24E+16;3,02E+15;4,13E+15;4,80E+16;5,04E+16;7,53E+16;2,89E+16;3,22E+16;3,08E+16;2,54E+16;5,62E+15;8,32E+15;5,57E+16;3,43E+16;2,14E+16;4,98E+16;3,64E+15;1,85E+16;3,21E+16;4,34E+16;2,48E+16;7,86E+16;2,41E+16;8,37E+15;1,80E+16;2,05E+16;3.46e+11;2,01E+16;3,62E+16;2,85E+16;2,37E+16;8,69E+15;182066;;;;;;;;;;;;;;;
test_di_lettura_francesco_torralba.wav;frequenzeH0;1295;82668;52405;1240;119143;87195;448;12820;108919;59261;23298;97289;75777;89283;15280;167382;62547;79986;252279;223166;119100;21764;5;81126;2893;16332;197196;512;264;653;48;5413;4903;297104;139779;110897;9807;1907;5646;159572;198428;33501;150464;2129;12157;1608;10989;40871;2762;348697;29871;336;43479;144;51896;212530;236133;44453;45618;1209;;;;;;;;;;;;;;;
test_di_lettura_francesco_torralba.wav;frequenzeH1;206;58999;73583;6716;88980;26784;310;4893;52445;148732;24118;493616;17931;28009;18249;176633;14369;38562;127448;222662;12358;175658;17;5606;247;9190;81531;98;308;2071;1609;20171;10646;187039;120475;56806;7069;3189;103591;72048;151105;61762;22821;2820;5545;652;9046;16522;2394;48325;108921;48;3229;2673;23336;107051;193918;72873;13236;58;;;;;;;;;;;;;;;
test_di_lettura_francesco_torralba.wav;frequenzeH2;49;72691;30737;8557;36711;12942;125;1334;20448;62558;3221;87204;6146;24328;8219;72291;9714;14897;24794;83138;7412;73946;64;4767;222;2561;24322;26;1069;1942;2121;1368;3343;39275;9804;26927;3950;3376;36314;31819;58601;14538;6729;678;987;294;9116;6898;1708;13906;35590;30;911;1096;10275;68736;58589;31944;5750;61;;;;;;;;;;;;;;;
test_di_lettura_francesco_torralba.wav;frequenzaFond;1295;82668;73583;120350;119143;87195;448;12820;108919;148732;24118;493616;75777;89283;18249;176633;62547;79986;252279;223166;119100;175658;77;81126;2893;16332;197196;512;45559;50671;9059;20171;10646;297104;139779;110897;9807;49686;103591;159572;198428;61762;150464;2820;12157;1608;116411;40871;3988;348697;108921;336;43479;3166;51896;212530;236133;72873;45618;1209;;;;;;;;;;;;;;;
test_di_lettura_francesco_torralba.wav;posFreqFond;0;0;1;11;0;0;0;0;0;1;1;1;0;0;1;1;0;0;0;0;0;1;6;0;0;0;0;0;12;13;6;1;1;0;0;0;0;13;1;0;0;1;0;1;0;0;8;0;3;0;1;0;0;5;0;0;0;1;0;0;;;;;;;;;;;;;;;
test_di_lettura_francesco_torralba.wav;pendenze;1089;23669;42846;109497;30163;60411;138;7927;56474;89471;20897;406412;57846;61274;10030;104343;48178;41424;124831;504;106742;153894;63;75520;2646;7142;115665;414;24831;25625;6199;18802;7304;110065;19304;54091;2738;34334;97945;87524;47323;47224;127643;2142;6612;956;74006;24349;2281;300372;79050;288;40250;2950;28560;105479;42215;40930;32382;1151;;;;;;;;;;;;;;;
test_di_lettura_francesco_torralba.wav;classificazione;0;0;0;0;0;0;0;0;0;0;0;10;0;0;0;10;0;0;5;5;0;0;0;0;0;0;0;0;0;0;0;0;0;5;0;0;0;0;0;0;5;0;0;0;0;0;0;0;0;0;0;0;0;0;0;10;5;0;0;0;;;;;;;;;;;;;;;
spalletti_dopo_bologna_roma.wav;discretizzatore;-29394;-18488;51066;-88158;47493;-89311;3122;17158;-26961;-28753;66576;36397;32155;-5301;-19853;77872;-1896;-48296;50800;-4183;-7235;46951;-26921;17609;5168;71;64802;-95267;45332;15350;12346;-34170;41027;5910;67132;-31932;46114;18529;-8152;-17760;15159;79541;-50715;-18362;124546;-157535;43459;173036;-31384;108350;-154747;33380;46825;-68531;67367;192974;-223303;59486;-98668;-8650;;;;;;;;;;;;;;;
spalletti_dopo_bologna_roma.wav;media;0;0;1;-1;1;-1;0;0;0;0;2;1;1;0;0;2;0;0;1;0;0;1;0;0;0;0;1;-1;1;0;0;0;1;0;2;0;1;0;0;0;0;2;0;0;3;-3;1;4;0;2;-3;1;1;-1;2;4;-4;1;-1;0;;;;;;;;;;;;;;;
spalletti_dopo_bologna_roma.wav;picchi;13200;11349;10738;9858;10006;7001;11964;10350;8006;7844;8523;10425;9238;12751;11732;25881;30849;18408;12561;9286;8196;8319;8459;7896;3310;6621;6048;5350;9290;6432;10578;13265;10162;2833;14379;10748;7092;10186;5888;4001;6520;6541;6732;3284;9298;5735;9760;8135;10161;10568;8347;11122;7656;12667;13090;9735;10297;6276;6581;228;;;;;;;;;;;;;;;
spalletti_dopo_bologna_roma.wav;energia;1,14E+16;9,16E+15;8,21E+15;7,07E+15;7,00E+15;4,15E+14;1,17E+16;7,02E+15;6,78E+15;7,06E+15;4,87E+15;1,03E+16;3,60E+15;9,81E+15;9,97E+15;1,69E+16;4,10E+16;2,63E+16;6,75E+15;6,68E+15;6,64E+15;4,68E+15;2,86E+15;5,16E+15;1,32E+15;6,53E+15;2,41E+14;2,36E+15;1,83E+15;4,18E+15;7,13E+15;1,21E+16;7,44E+15;2,21E+14;1,97E+16;7,75E+15;5,00E+15;9,16E+15;3,22E+15;5,85E+14;6,87E+15;5,50E+15;6,67E+15;1,60E+15;5,69E+15;1,21E+15;1,96E+15;7,85E+15;6,01E+15;6,23E+15;7,57E+15;1,52E+16;5,77E+15;1,20E+16;2,34E+16;4,05E+15;1,47E+16;3,83E+15;3,63E+15;1,23E+12;;;;;;;;;;;;;;;
spalletti_dopo_bologna_roma.wav;frequenzeH0;223;36613;6953;53791;31557;98704;11867;527;19054;1905;14273;27562;48413;157;26345;12620;121596;18328;24869;199;22791;1774;21886;1838;28736;13550;1282;51007;6086;1362;35644;16296;12769;1222;23301;53862;4850;3351;1652;577;2624;1707;82577;11834;2696;5501;64729;63227;58209;4706;59879;25775;1041;69879;1220;27786;326677;14672;86028;1883;;;;;;;;;;;;;;;
spalletti_dopo_bologna_roma.wav;frequenzeH1;698;6116;37541;16792;3996;74378;17539;20750;15031;24588;5002;6196;81153;1662;12729;4246;70670;88989;36130;1843;23622;1454;7811;562;6616;1586;1134;53921;6209;555;9122;3849;19081;1507;2685;76088;1764;32100;250;2138;4414;4406;101830;4586;731;39388;25574;64291;10483;1853;124837;30108;1941;84452;815;41599;41550;2023;41020;1834;;;;;;;;;;;;;;;
spalletti_dopo_bologna_roma.wav;frequenzeH2;927;3541;25802;26268;1022;27023;10970;8781;25642;19689;4544;5634;46716;940;7128;4611;35381;16581;33090;995;6235;3309;23422;3760;1728;254;629;33217;3553;2963;4393;688;6401;1521;4256;45094;4735;10748;1177;994;5025;1527;46528;2422;202;23672;17210;12463;2466;726;59330;10296;3868;34890;1769;18417;20631;2759;13376;239;;;;;;;;;;;;;;;
spalletti_dopo_bologna_roma.wav;frequenzaFond;1146;36613;37541;53791;31557;98704;17539;25892;80846;24588;14273;45910;81153;1662;26345;12620;121596;88989;36130;1843;23622;7864;23422;4182;28736;13550;1282;53921;6209;2963;35644;16296;19081;1521;48027;76088;13075;32100;1652;2138;5094;15884;101830;11834;2696;39388;64729;64291;58209;4706;124837;30108;30956;84452;1769;41599;326677;14672;86028;1883;;;;;;;;;;;;;;;
spalletti_dopo_bologna_roma.wav;posFreqFond;6;0;1;0;0;0;1;3;4;1;0;4;1;1;0;0;0;1;1;1;1;7;2;3;0;0;0;1;1;2;0;0;1;2;6;1;8;1;0;1;7;9;1;0;0;1;0;1;0;0;1;1;8;1;2;1;0;0;0;0;;;;;;;;;;;;;;;
spalletti_dopo_bologna_roma.wav;pendenze;936;30497;30588;36999;27561;24326;6568;17111;29816;22683;9271;33182;34437;1505;13616;8374;50926;72408;11261;1644;17387;5015;20041;1615;22120;11964;148;20704;2656;2409;26522;12447;12681;401;35540;30994;7639;28749;1402;1561;4066;11285;55301;7248;1965;33887;39155;51829;47726;2853;65507;19812;26288;49562;954;23181;285127;12649;45008;49;;;;;;;;;;;;;;;
spalletti_dopo_bologna_roma.wav;classificazione;0;0;0;0;0;0;0;0;0;0;0;0;0;0;0;0;0;0;0;0;0;0;0;0;0;0;0;0;0;0;0;0;0;0;0;0;0;0;0;0;0;0;0;0;0;0;0;0;0;0;0;0;0;0;0;0;0;0;0;0;;;;;;;;;;;;;;;
una_parlata_tranquilla.wav;discretizzatore;288333;135899;48373;-15642;218790;-115440;39712;36835;155875;17144;-3020;-37410;170972;252;94910;-160068;206647;30455;42712;80160;-12201;26312;-111295;19560;7669;197535;5753;30473;138755;277653;-175526;55688;-46033;299268;-217070;141838;57510;23921;-77;-45340;254478;-78134;-24756;55855;9154;264314;76444;89587;-91092;28599;-49314;214961;-17698;-31781;412996;-326509;137014;-127680;174132;-30472;126193;-200243;;;;;;;;;;;;;
una_parlata_tranquilla.wav;media;7;3;1;0;5;-2;1;1;4;0;0;0;4;0;2;-3;5;1;1;2;0;1;-2;0;0;4;0;1;3;6;-3;1;0;7;-4;3;1;1;0;0;6;-1;0;1;0;6;2;2;-1;1;0;5;0;0;9;-6;3;-2;4;0;3;-4;;;;;;;;;;;;;
una_parlata_tranquilla.wav;picchi;8862;4588;4925;3761;2618;3996;11716;5142;9874;5819;16359;8293;16504;221;6531;8657;7282;2033;16386;21381;10592;9001;7215;18952;4739;16693;9383;6899;6008;7641;10250;8349;5331;12117;12595;9205;8284;17631;7366;7506;6143;8971;7421;20004;14003;8319;15756;8139;12083;12122;9089;6095;11784;8389;8032;7430;6128;5030;1313;3932;6036;6530;;;;;;;;;;;;;
una_parlata_tranquilla.wav;energia;9,12E+14;7,17E+14;3,10E+15;1,92E+15;4,37E+14;1,53E+15;1,02E+16;9,31E+14;4,60E+15;2,34E+14;3,78E+15;6,14E+15;4,20E+15;1,01E+13;4,57E+15;4,56E+15;4,46E+15;4,94E+14;7,43E+13;7,64E+15;4,97E+15;3,10E+15;4,79E+15;1,30E+16;2,99E+15;1,80E+16;7,50E+15;8,00E+15;4,46E+15;7,78E+15;8,78E+15;5,17E+15;3,45E+15;2,40E+16;1,15E+16;8,11E+15;9,35E+15;1,79E+16;4,39E+15;5,20E+15;3,02E+15;6,28E+15;6,10E+15;3,77E+16;1,63E+16;1,04E+16;2,26E+15;8,80E+15;1,14E+16;1,12E+16;1,07E+15;5,95E+15;4,44E+15;7,52E+15;3,42E+14;6,31E+14;5,42E+15;2,49E+15;3,61E+13;1,60E+14;2,11E+15;1,05E+15;;;;;;;;;;;;;
una_parlata_tranquilla.wav;frequenzeH0;2663;34828;44726;8546;1126;58812;619;23924;3448;24298;14268;3066;16771;2721;641;53206;2851;7744;4649;1435;4379;5025;57275;1239;53889;2710;62649;10797;96071;732;10712;22810;93819;7734;59770;57632;29566;76690;5590;5509;62631;15835;4494;56692;24569;24746;2930;58741;11544;1443;3949;261;27476;65246;3374;14628;20498;24262;2550;30662;49050;622;;;;;;;;;;;;;
una_parlata_tranquilla.wav;frequenzeH1;946;21420;27470;9154;10116;14767;3087;28827;1134;7266;11811;495;478;1166;803;96375;293;1379;582;1330;12838;922;17324;325;1795;276;44082;16736;101551;1121;1239;20619;71946;2299;1626;65932;35518;230453;545;566;24274;44582;6653;97451;8011;954;344;21485;4417;1119;755;37118;8368;24443;590;31216;31067;1475;764;3829;15435;177;;;;;;;;;;;;;
una_parlata_tranquilla.wav;frequenzeH2;834;7559;7546;3441;3949;10479;1351;7164;1792;2709;6142;793;5500;538;383;18789;1607;594;187;781;11728;993;11307;479;2847;308;21605;6305;39713;708;2752;22807;26427;2908;659;22040;3675;146147;1897;358;13184;15804;1549;22048;5143;1678;706;5398;2223;496;699;25123;21096;9413;243;28804;6304;857;85;1779;10108;328;;;;;;;;;;;;;
una_parlata_tranquilla.wav;frequenzaFond;2663;34828;44726;9154;10116;58812;3087;28827;9220;24298;14268;3066;16771;2721;803;96375;3239;7744;4649;2039;12838;5025;57275;1239;53889;2710;62649;16736;101551;1121;10712;22810;93819;7734;59770;70520;35518;230453;5590;5509;62631;44582;6653;97451;24569;24746;2930;58741;11544;1443;3949;37118;27476;65246;3374;31216;31067;24262;2550;30662;49050;622;;;;;;;;;;;;;
una_parlata_tranquilla.wav;posFreqFond;0;0;0;1;1;0;1;1;8;0;0;0;0;0;1;1;5;0;0;3;1;0;0;0;0;0;0;1;1;1;0;0;0;0;0;3;1;1;0;0;0;1;1;1;0;0;0;0;0;0;0;1;0;0;0;1;1;0;0;0;0;0;;;;;;;;;;;;;
una_parlata_tranquilla.wav;pendenze;1717;13408;17256;5713;8990;44045;2468;21663;7983;17032;2457;2571;16293;1555;420;77586;3056;6365;4067;1257;8459;4103;39951;914;52094;2434;18567;10431;61838;413;9473;2191;21873;5435;58144;69658;31844;153763;5045;4943;38357;28779;5104;75403;16558;23792;2586;37256;7127;324;3194;36857;19108;40803;2784;16588;24763;22787;1786;26833;33615;445;;;;;;;;;;;;;
una_parlata_tranquilla.wav;classificazione;0;0;0;0;0;0;0;0;0;0;0;0;0;0;0;0;0;0;0;0;0;0;0;0;0;0;0;0;0;0;0;0;0;0;0;0;0;10;0;0;0;0;0;0;0;0;0;0;0;0;0;0;0;0;0;0;0;0;0;0;0;0;;;;;;;;;;;;;
